date,orders,marketing_investment,discount_rate
1/1/2018,7766.7,342.6342928,0.015126431
1/2/2018,10686.5,304.3452698,0.015906545
1/3/2018,11032.3,284.0745185,0.014387403
1/4/2018,10034.9,275.267608,0.013851669
1/5/2018,8452.1,264.3120487,0.01292775
1/6/2018,7922.7,249.7197391,0.012289177
1/7/2018,9180,249.3018871,0.015337118
1/8/2018,8911.8,247.6081777,0.015292131
1/9/2018,9289.5,249.1359517,0.01438733
1/10/2018,9251.3,249.8100474,0.013319143
1/11/2018,9474,264.3672794,0.012883655
1/12/2018,8251.9,255.2183193,0.013454641
1/13/2018,7498.7,229.4146161,0.012890284
1/14/2018,9037.7,229.5225402,0.015901076
1/15/2018,8998.2,239.3279967,0.014425695
1/16/2018,9502.6,254.7423087,0.014132257
1/17/2018,9443,244.7242491,0.013492434
1/18/2018,9104.7,250.2112678,0.013231191
1/19/2018,8170.8,256.1864368,0.014174656
1/20/2018,7846.3,245.2998203,0.013352652
1/21/2018,9004.9,231.5168679,0.015401718
1/22/2018,8681.1,231.7440704,0.014946437
1/23/2018,9269,260.5875757,0.014936702
1/24/2018,8702,241.3537049,0.013551833
1/25/2018,8477.4,249.5080474,0.013324962
1/26/2018,11487.1,305.5812972,0.102957279
1/27/2018,9396.4,277.3984351,0.089243957
1/28/2018,12694.1,271.0788936,0.096944376
1/29/2018,7949.2,192.2663272,0.014200155
1/30/2018,7823.9,188.3883002,0.013242599
1/31/2018,8485.5,199.9535877,0.013172632
2/1/2018,8189.4,190.0345121,0.012166142
2/2/2018,7182,186.8239729,0.01204421
2/3/2018,7113.9,176.665329,0.011954165
2/4/2018,7804.1,146.0089458,0.014350412
2/5/2018,7678.7,192.3985546,0.014557269
2/6/2018,8380,196.8039272,0.013217985
2/7/2018,7566.2,177.0448061,0.012777446
2/8/2018,8280.9,232.1646263,0.012741421
2/9/2018,7960,266.5581472,0.012742154
2/10/2018,6924.7,232.5586207,0.012829827
2/11/2018,8047.6,208.8257607,0.015416764
2/12/2018,8022.4,215.9247271,0.015962837
2/13/2018,8180.2,232.1801325,0.01405402
2/14/2018,8075,208.3540722,0.013313322
2/15/2018,8845.6,235.7035536,0.01248684
2/16/2018,7849,232.6440473,0.012147863
2/17/2018,7761.2,215.0428167,0.012233775
2/18/2018,8099.7,180.3146631,0.014381737
2/19/2018,8476.8,200.1865299,0.014446252
2/20/2018,8451.8,192.7958991,0.013110088
2/21/2018,8702,231.1734123,0.013504387
2/22/2018,8427.9,214.3658231,0.012889803
2/23/2018,7099.9,208.3151703,0.012868344
2/24/2018,7400.5,239.3495772,0.013894681
2/25/2018,8437.6,175.3074463,0.017990491
2/26/2018,7734.9,147.4639541,0.014930963
2/27/2018,8817.4,177.6044609,0.014217787
2/28/2018,8990,170.2999604,0.016518573
3/1/2018,9452.1,169.9854366,0.018396725
3/2/2018,8263.6,165.1228168,0.019719896
3/3/2018,8213.6,148.693832,0.019995866
3/4/2018,9858.7,139.4658112,0.0227115
3/5/2018,8936,138.9666424,0.022037988
3/6/2018,9582.2,149.8882942,0.01974361
3/7/2018,10197.6,158.3740582,0.01800037
3/8/2018,8888.1,142.7015449,0.017189661
3/9/2018,9783.2,111.9114937,0.062601897
3/10/2018,10300.3,104.7416076,0.068741359
3/11/2018,14746.8,79.24171553,0.086682705
3/12/2018,8905.4,94.712522,0.01993007
3/13/2018,9156.9,134.269571,0.016761386
3/14/2018,9727.5,131.0337538,0.017000395
3/15/2018,8781.6,132.7191808,0.015687409
3/16/2018,8380.6,135.6288591,0.014876319
3/17/2018,8304.5,131.5340786,0.012120055
3/18/2018,9586.5,105.2304554,0.015692812
3/19/2018,8717.2,116.4481809,0.01482568
3/20/2018,8416.8,113.3376397,0.013735047
3/21/2018,9171.6,125.1819471,0.013816592
3/22/2018,9648.7,151.8180593,0.013172926
3/23/2018,9068.4,166.8085681,0.012147243
3/24/2018,8991.4,164.1095332,0.011979306
3/25/2018,11018.7,142.9569631,0.015746661
3/26/2018,10569.7,138.7476582,0.016009792
3/27/2018,9757.5,139.6096588,0.014465414
3/28/2018,8764.9,133.2112184,0.013224333
3/29/2018,7851.4,129.7707884,0.012330219
3/30/2018,7273.8,118.2505565,0.013552938
3/31/2018,6913.4,109.6679672,0.015358797
4/1/2018,6883.2,102.2980267,0.014842149
4/2/2018,8242.2,95.54388053,0.012971797
4/3/2018,9790.4,103.1203658,0.009987208
4/4/2018,9505.1,85.98480732,0.00905231
4/5/2018,9771.3,104.1358684,0.00925633
4/6/2018,8500.8,101.4891652,0.009215595
4/7/2018,7802.8,103.0803777,0.008742225
4/8/2018,12399.4,119.7047172,0.012898784
4/9/2018,12302.2,117.6655952,0.013921464
4/10/2018,12058.5,121.591546,0.012708445
4/11/2018,12436.6,132.0023547,0.011000851
4/12/2018,11359.9,127.5719656,0.011357539
4/13/2018,9967,127.5955521,0.010846739
4/14/2018,9448.3,133.413935,0.01067893
4/15/2018,12983.9,129.7240336,0.014517571
4/16/2018,12260,133.5942914,0.014508745
4/17/2018,11800.1,123.7757745,0.012609671
4/18/2018,12061.5,144.7599384,0.011518935
4/19/2018,11573.7,126.7096557,0.01210464
4/20/2018,9548.5,120.3303386,0.013825073
4/21/2018,8858.7,115.2413381,0.014274836
4/22/2018,12385.2,113.3772166,0.018755152
4/23/2018,13004.4,133.0176267,0.016178278
4/24/2018,11782.9,129.2165526,0.015044434
4/25/2018,9787.7,97.61194401,0.013943499
4/26/2018,8994.5,104.3193043,0.013112489
4/27/2018,8695.4,220.1558594,0.016368721
4/28/2018,7597.5,147.3647584,0.014027015
4/29/2018,8615.8,85.64394105,0.017876955
4/30/2018,8484.6,105.4659716,0.017250214
5/1/2018,10349.2,99.37635115,0.011272887
5/2/2018,9623.2,89.19683954,0.010435416
5/3/2018,9986.8,96.24466159,0.010740785
5/4/2018,8723.9,102.1132836,0.010207294
5/5/2018,7890.9,89.03653663,0.009501334
5/6/2018,10229.8,86.00189227,0.013375094
5/7/2018,10655.6,110.5576259,0.013316635
5/8/2018,10529.6,111.2777027,0.012829862
5/9/2018,9346.2,136.967872,0.01058717
5/10/2018,9565.6,123.7579591,0.009960787
5/11/2018,8249.6,103.4929102,0.00999162
5/12/2018,7189.9,106.3585183,0.009204703
5/13/2018,9262.3,106.6632121,0.012789355
5/14/2018,9804.6,91.15444218,0.012651247
5/15/2018,11360.8,138.3733542,0.01176453
5/16/2018,11143.8,153.7563893,0.010495502
5/17/2018,10047.2,156.6447237,0.010707302
5/18/2018,7622.9,140.0128253,0.010247385
5/19/2018,6832.7,137.6434321,0.009434018
5/20/2018,7263.3,141.9794437,0.011175456
5/21/2018,8722.5,122.773146,0.012082276
5/22/2018,9659.1,115.3836621,0.011192795
5/23/2018,9703.3,113.8911483,0.010919108
5/24/2018,9334.1,104.1565956,0.011051452
5/25/2018,8027.2,96.44097744,0.01134121
5/26/2018,7398.2,90.92969825,0.009791151
5/27/2018,9509.2,87.89458834,0.01281846
5/28/2018,10095.4,76.73967872,0.012615473
5/29/2018,10422.8,94.37995178,0.011547682
5/30/2018,9565.4,96.89197683,0.010748685
5/31/2018,10255.4,97.91299586,0.010322769
6/1/2018,8596.1,93.97662092,0.009431124
6/2/2018,8043.5,113.0279927,0.009986627
6/3/2018,10346.8,122.0119197,0.011446939
6/4/2018,10975.7,111.8286111,0.01130078
6/5/2018,10460.9,98.35219994,0.01036691
6/6/2018,10963.5,114.2401758,0.009592022
6/7/2018,9953.8,107.2061534,0.009229085
6/8/2018,8825.1,121.854069,0.009034635
6/9/2018,8417.6,121.9532097,0.008611666
6/10/2018,10387.1,114.0932819,0.011306821
6/11/2018,11171.7,131.6538952,0.011605413
6/12/2018,9885.1,123.4726884,0.010650247
6/13/2018,10157.2,138.1840101,0.00972531
6/14/2018,9642.2,136.4756718,0.00901929
6/15/2018,8004.2,151.5803223,0.009516779
6/16/2018,7622.1,135.6875109,0.00879027
6/17/2018,11826.1,192.8112196,0.0115926
6/18/2018,12775,206.9671198,0.011255281
6/19/2018,11937.9,199.6324843,0.011027387
6/20/2018,11228.1,192.3636689,0.010512811
6/21/2018,10943.3,211.9498155,0.010160857
6/22/2018,9482.3,230.5668292,0.010182765
6/23/2018,8481.9,227.996228,0.009082911
6/24/2018,11683.4,243.1508291,0.010603967
6/25/2018,10889,222.4198801,0.0105948
6/26/2018,11235.1,251.5816508,0.010022247
6/27/2018,10201.1,254.6376379,0.009642322
6/28/2018,10871.9,249.9645368,0.009387653
6/29/2018,9896,259.4278198,0.009231968
6/30/2018,8582.4,246.2492207,0.009478182
7/1/2018,12874.8,294.2958706,0.009718105
7/2/2018,11450.6,267.750842,0.009931423
7/3/2018,11840.4,263.4864366,0.00897271
7/4/2018,11051.4,253.5665546,0.008512076
7/5/2018,10349.8,252.2532001,0.008454293
7/6/2018,9820.1,284.012925,0.009062425
7/7/2018,9934.6,291.3108402,0.029045816
7/8/2018,11345.6,277.9535421,0.031431725
7/9/2018,9982.7,238.1292529,0.010363294
7/10/2018,10277.4,238.3835245,0.009080438
7/11/2018,10271.3,246.762163,0.009010962
7/12/2018,9434.1,257.6158854,0.009164956
7/13/2018,8638.1,274.6756841,0.008817898
7/14/2018,7828.7,270.8697197,0.00869833
7/15/2018,9170,274.0078422,0.009364228
7/16/2018,9596.9,266.7101868,0.009636811
7/17/2018,9910,255.0438496,0.009027432
7/18/2018,9981.4,265.062112,0.008528467
7/19/2018,9200.3,263.6388064,0.009022649
7/20/2018,13828.7,339.7414155,0.102441131
7/21/2018,11244.3,321.1049866,0.095472252
7/22/2018,13416,307.1545423,0.096538779
7/23/2018,14584.7,299.4667987,0.096640778
7/24/2018,9170.1,188.0284695,0.008839197
7/25/2018,8986.7,189.8955808,0.008121123
7/26/2018,8595.3,177.7865387,0.007999726
7/27/2018,7362.1,177.1387963,0.008190293
7/28/2018,6760.1,162.8501009,0.007733996
7/29/2018,7510.2,139.1079728,0.009291428
7/30/2018,10163.7,208.4889578,0.009721319
7/31/2018,10359.4,178.0232828,0.009122877
8/1/2018,9634.7,154.9194893,0.008312018
8/2/2018,8807.1,162.3258412,0.008078616
8/3/2018,7941.1,154.472292,0.008062444
8/4/2018,6901.7,146.4292887,0.007793709
8/5/2018,7798.3,139.5751294,0.009200176
8/6/2018,9247.3,193.6699977,0.01121496
8/7/2018,8950.2,172.9342441,0.010815169
8/8/2018,8821.7,165.6317287,0.009095005
8/9/2018,8371,144.1215078,0.008802831
8/10/2018,6998,145.2726338,0.009256811
8/11/2018,6380.8,144.9799708,0.008023917
8/12/2018,7298.9,132.6636381,0.011726135
8/13/2018,9124.5,216.5670236,0.013672901
8/14/2018,8860.4,169.9762734,0.011760584
8/15/2018,8679.7,145.8637697,0.009981099
8/16/2018,7878.6,137.0582215,0.010239212
8/17/2018,6954.2,158.9696873,0.009799811
8/18/2018,6240.7,141.127596,0.009318492
8/19/2018,7379.4,128.7901159,0.01218207
8/20/2018,9335.9,191.8790884,0.012330468
8/21/2018,8844.8,160.6692431,0.011423499
8/22/2018,8558.4,156.5527606,0.009849687
8/23/2018,7905.7,136.233371,0.010689364
8/24/2018,7670.3,141.2490399,0.011097415
8/25/2018,7419.3,131.1847674,0.010919111
8/26/2018,8831.7,132.6115438,0.014746993
8/27/2018,10028.8,119.3568321,0.012019949
8/28/2018,10041.4,127.9423712,0.010971566
8/29/2018,9237.4,139.9880044,0.00969803
8/30/2018,9201.6,121.7952186,0.0097537
8/31/2018,8381.5,123.1369546,0.009693457
9/1/2018,7837.3,116.559462,0.008995965
9/2/2018,10261.1,101.9552033,0.012532327
9/3/2018,9884.8,93.8738893,0.012143514
9/4/2018,9494.9,96.46684212,0.010774597
9/5/2018,9288.6,112.6432969,0.010338209
9/6/2018,8990.6,105.2709047,0.010316424
9/7/2018,8429.6,110.17139,0.010384039
9/8/2018,7540.4,119.7005843,0.009792734
9/9/2018,9272.4,96.45881271,0.012810028
9/10/2018,9657,95.45616074,0.012743035
9/11/2018,9105.8,103.8446673,0.011867722
9/12/2018,9631.8,120.2031165,0.010165126
9/13/2018,9222.3,107.4869548,0.010045531
9/14/2018,8102.4,124.8088765,0.010123589
9/15/2018,7845.6,105.8744286,0.009960638
9/16/2018,9216.5,98.87051422,0.013154239
9/17/2018,11746,89.91554056,0.07306738
9/18/2018,10988.5,88.68028156,0.073945134
9/19/2018,11425,80.30143159,0.075851993
9/20/2018,7890.9,107.7908906,0.009879646
9/21/2018,7707.2,121.2126095,0.00925515
9/22/2018,7744,99.04024479,0.008263087
9/23/2018,11351.7,120.1549751,0.010500312
9/24/2018,10757.4,97.61731357,0.010424436
9/25/2018,10940.2,101.1177047,0.009276617
9/26/2018,10501.1,106.2488386,0.008478558
9/27/2018,9171.8,102.3562101,0.008896789
9/28/2018,8245.9,102.7793196,0.010012924
9/29/2018,8206.6,114.6729596,0.011010342
9/30/2018,10108.8,111.2533342,0.01596516
10/1/2018,9879,92.49082211,0.011564736
10/2/2018,9146.2,92.68940916,0.009970655
10/3/2018,10741.9,101.4145662,0.00897866
10/4/2018,8911,87.45771013,0.008179511
10/5/2018,8139.7,108.372202,0.008894283
10/6/2018,7781.1,103.4599961,0.007249175
10/7/2018,11241.4,133.6883278,0.012621615
10/8/2018,10466,127.707349,0.012631078
10/9/2018,10504.4,139.250522,0.012412812
10/10/2018,11477.2,162.9082657,0.012639876
10/11/2018,9740.7,160.9148485,0.008836776
10/12/2018,8772.6,176.677668,0.010442482
10/13/2018,7902.3,164.2662258,0.010366939
10/14/2018,10434.6,180.0895027,0.011523918
10/15/2018,9939.2,174.008282,0.011691069
10/16/2018,10642.9,183.6197376,0.010234436
10/17/2018,10408.4,170.4205882,0.00855621
10/18/2018,10098.2,168.3630774,0.008278812
10/19/2018,9516,182.1628189,0.008884984
10/20/2018,10017.3,173.2337729,0.008453775
10/21/2018,10247.4,126.5083083,0.009582887
10/22/2018,10712.1,123.4147796,0.008735835
10/23/2018,10967.7,109.8720754,0.008203056
10/24/2018,10552.8,109.9727271,0.007688728
10/25/2018,9626.8,109.096361,0.007731854
10/26/2018,11030,283.8422674,0.009568645
10/27/2018,9252.6,177.1261435,0.006972161
10/28/2018,12215.5,107.999436,0.008567688
10/29/2018,10447.9,116.1381814,0.009207151
10/30/2018,14137.7,147.78518,0.054708392
10/31/2018,13172,160.1015379,0.057975461
11/1/2018,10084.5,124.1288262,0.007537083
11/2/2018,8907.3,139.0066565,0.006786827
11/3/2018,8958.2,134.3723699,0.006398141
11/4/2018,11099.3,129.1661829,0.007989646
11/5/2018,10208.7,122.5047537,0.008612101
11/6/2018,9825.1,120.4568389,0.008363348
11/7/2018,10574.7,141.3511733,0.007133916
11/8/2018,9696.5,134.8375588,0.007011273
11/9/2018,8653.4,145.0619497,0.006752623
11/10/2018,8725.4,128.8771123,0.006229767
11/11/2018,10663.4,123.6280389,0.007494564
11/12/2018,9903.7,110.9949555,0.007872764
11/13/2018,10989.4,122.7360567,0.007125988
11/14/2018,10730.1,124.6915111,0.006298243
11/15/2018,10193.6,123.4821564,0.006342897
11/16/2018,8515.3,112.0438229,0.006353817
11/17/2018,9244.9,149.3095759,0.006172143
11/18/2018,21683,263.2236232,0.008867298
11/19/2018,17217.7,227.8103652,0.008643732
11/20/2018,14189.3,192.6700272,0.009195334
11/21/2018,20248.4,232.1763011,0.009313936
11/22/2018,20326.8,242.0039637,0.008956703
11/23/2018,48984.8,266.1000155,0.008331294
11/24/2018,9272.5,150.936079,0.00700104
11/25/2018,8917.2,115.0942235,0.007382117
11/26/2018,9208.5,148.9105925,0.010622309
11/27/2018,8438.2,93.82922596,0.010557263
11/28/2018,10131.2,98.11922629,0.010900877
11/29/2018,10153.5,111.8230915,0.011921473
11/30/2018,9667.6,143.2704292,0.011820183
12/1/2018,8899.4,137.94436,0.007678575
12/2/2018,11477.7,134.7850259,0.007784278
12/3/2018,11543,133.2067163,0.007644605
12/4/2018,11378.8,127.7136216,0.007033377
12/5/2018,11581.8,127.6867358,0.006660524
12/6/2018,11535.4,134.9381642,0.007086007
12/7/2018,10511.3,150.0994077,0.006615804
12/8/2018,10801.4,157.6636927,0.005877468
12/9/2018,13786.3,164.0795686,0.006132131
12/10/2018,13486.3,157.7426487,0.006229844
12/11/2018,13671.8,161.7620394,0.006382482
12/12/2018,13243.8,157.1687199,0.00667882
12/13/2018,16199.5,180.0179685,0.052138827
12/14/2018,14643.8,184.5145933,0.052343656
12/15/2018,15007.8,183.0377554,0.058190288
12/16/2018,12963,153.6921135,0.007824305
12/17/2018,12992.6,138.7541777,0.007952965
12/18/2018,11483.9,154.5841863,0.00770534
12/19/2018,8775.2,143.9098549,0.007606876
12/20/2018,10385.7,212.9528062,0.008629993
12/21/2018,8375.7,226.8532416,0.008707359
12/22/2018,6609.7,228.107365,0.008057687
12/23/2018,6556.4,242.6678567,0.010295303
12/24/2018,4925.7,251.9279785,0.010795879
12/25/2018,6289.1,229.7690524,0.007741187
12/26/2018,8524.4,243.5107764,0.009214806
12/27/2018,10097.8,216.3730892,0.008670564
12/28/2018,10037.6,229.7592979,0.008923402
12/29/2018,8896,237.2099628,0.008590367
12/30/2018,8029.4,230.1283379,0.012927354
12/31/2018,5202.6,224.3503586,0.020862958
1/1/2019,6151.5,222.2105979,0.010147816
1/2/2019,10414.6,199.5285031,0.009263117
1/3/2019,11645.2,220.2825272,0.008746525
1/4/2019,11149,247.024354,0.009128265
1/5/2019,10319.9,227.6510989,0.007953525
1/6/2019,11713.9,247.8045465,0.010027926
1/7/2019,10436.4,231.9487416,0.009713577
1/8/2019,11174.4,236.7651834,0.009052502
1/9/2019,11699.8,232.0288415,0.009376378
1/10/2019,10461.1,231.4044159,0.00903337
1/11/2019,9805.2,241.609293,0.009122704
1/12/2019,9894.8,242.719834,0.00782886
1/13/2019,11417.9,232.7898192,0.010007684
1/14/2019,10260.6,227.2910204,0.010493263
1/15/2019,10317.4,226.5981931,0.009359883
1/16/2019,10926.5,247.6552741,0.008308172
1/17/2019,10500.1,238.4866759,0.008261761
1/18/2019,9535.6,244.6364678,0.008071087
1/19/2019,8773.3,231.5606879,0.007763663
1/20/2019,12252.8,275.9505204,0.010581849
1/21/2019,11321.2,258.9184684,0.010197115
1/22/2019,11008.1,255.2173659,0.010001161
1/23/2019,11539.5,258.3396304,0.008034411
1/24/2019,10722,255.7937433,0.008061674
1/25/2019,9327.3,246.8273693,0.007915865
1/26/2019,9103.3,236.3994205,0.007441798
1/27/2019,10663.4,219.4830414,0.008997007
1/28/2019,10025.8,231.5163142,0.009608389
1/29/2019,10549.6,234.8438142,0.008306368
1/30/2019,12432.5,340.6682702,0.008813618
1/31/2019,10432,277.4379012,0.008807255
2/1/2019,9267.4,249.3109299,0.007001317
2/2/2019,9570.2,252.6588175,0.006239947
2/3/2019,19354.6,289.1276326,0.101964144
2/4/2019,15120.8,277.4097422,0.096198065
2/5/2019,18109,277.7598571,0.099930373
2/6/2019,10050.5,283.4347422,0.00780054
2/7/2019,9361.7,230.6738049,0.007773084
2/8/2019,8570.4,208.1038485,0.007279223
2/9/2019,8378.1,182.6684189,0.006247357
2/10/2019,9649.1,151.3207497,0.00880083
2/11/2019,9467,161.0990167,0.009056388
2/12/2019,9932.1,173.9921742,0.007957613
2/13/2019,10465.5,238.2496216,0.007783026
2/14/2019,8563,182.2171376,0.007279835
2/15/2019,8093.8,156.6042712,0.007639992
2/16/2019,7716.1,131.0935196,0.006991104
2/17/2019,9566.8,106.2231502,0.008622552
2/18/2019,9453.9,116.1855881,0.008072074
2/19/2019,9877.6,113.8920816,0.007275356
2/20/2019,11834.5,230.6656672,0.007868651
2/21/2019,9936.1,166.6252552,0.007334506
2/22/2019,8691.7,139.1229015,0.006980347
2/23/2019,8432.1,123.0220767,0.006600694
2/24/2019,10065.5,108.3992582,0.008807039
2/25/2019,9563.4,109.7942456,0.008883479
2/26/2019,10191.4,124.3015658,0.008623039
2/27/2019,10426.6,138.623125,0.007095848
2/28/2019,9654.2,126.1751586,0.0074544
3/1/2019,8674.6,120.8893179,0.006875038
3/2/2019,8737.6,121.8634431,0.00655508
3/3/2019,9984.3,106.3555842,0.008532584
3/4/2019,10254.5,115.1398362,0.009035767
3/5/2019,9816.1,110.7323213,0.00839546
3/6/2019,10630.3,120.0403419,0.007220649
3/7/2019,10457.4,128.0359923,0.006660823
3/8/2019,9048.5,119.0910482,0.006707377
3/9/2019,9587.6,110.5387198,0.005929097
3/10/2019,11440.9,105.4092556,0.008579237
3/11/2019,10127,121.0161148,0.010172453
3/12/2019,9915.4,105.0186206,0.00877876
3/13/2019,10513.2,113.0562273,0.00715918
3/14/2019,11523.9,123.0387584,0.007362511
3/15/2019,9764,131.3224125,0.007196392
3/16/2019,9737.9,131.3802051,0.006677802
3/17/2019,11573.4,112.3326531,0.008642327
3/18/2019,10686.8,124.5162847,0.008560535
3/19/2019,10935.6,125.6112272,0.008197265
3/20/2019,11587.7,133.8997722,0.008068944
3/21/2019,10528.3,133.6977626,0.007445382
3/22/2019,9682,137.252695,0.007506067
3/23/2019,9544.6,125.1960549,0.007759997
3/24/2019,21071.9,191.613282,0.060917361
3/25/2019,17047.4,195.2656518,0.057819354
3/26/2019,17912.8,194.4072851,0.060977979
3/27/2019,12405.2,165.0939296,0.008820091
3/28/2019,12064.5,201.3153622,0.008564415
3/29/2019,10378.3,169.9488821,0.009553661
3/30/2019,9828.9,151.9327296,0.008182789
3/31/2019,13124.7,154.953021,0.011154943
4/1/2019,12738.1,151.8383911,0.008769788
4/2/2019,13044,165.2574683,0.008113892
4/3/2019,13547.9,174.8988398,0.007382642
4/4/2019,12992.8,181.6989319,0.007277394
4/5/2019,11073.9,177.9176495,0.006912222
4/6/2019,10542.4,169.6710003,0.006458535
4/7/2019,13179.1,164.7466497,0.008591174
4/8/2019,13512,162.9467505,0.009412271
4/9/2019,18011.9,184.3221771,0.03772134
4/10/2019,11526.1,151.5000888,0.007079506
4/11/2019,10860.4,133.0748038,0.006994503
4/12/2019,9955.9,143.2258801,0.006724077
4/13/2019,10021.2,147.103595,0.005803899
4/14/2019,12265.4,123.6976005,0.0076751
4/15/2019,11150,131.222458,0.007837594
4/16/2019,10789.9,125.1029501,0.007301129
4/17/2019,9881.9,116.1827636,0.006520842
4/18/2019,8396.4,111.8881992,0.006365186
4/19/2019,8480.8,126.5880937,0.005775321
4/20/2019,7805.2,122.2311036,0.005960895
4/21/2019,7874.8,108.2649884,0.010968806
4/22/2019,10280.6,91.74383694,0.011253796
4/23/2019,11771.8,84.67883883,0.0066132
4/24/2019,12407.5,98.10170562,0.006105912
4/25/2019,11751.5,96.56470242,0.005920461
4/26/2019,10979.6,110.4514472,0.005641037
4/27/2019,10527.2,101.8549968,0.005587699
4/28/2019,11713.5,103.5975949,0.007486217
4/29/2019,10968.7,114.2017972,0.007777254
4/30/2019,9693.8,138.381621,0.007928994
5/1/2019,10731.4,133.5945022,0.006358042
5/2/2019,10976.6,131.6158091,0.00656083
5/3/2019,11696,239.7856637,0.007318744
5/4/2019,11342.9,153.6268816,0.006828941
5/5/2019,12396.5,125.8202911,0.007698721
5/6/2019,11494.9,112.1508893,0.007788051
5/7/2019,11696.2,119.8797783,0.006399305
5/8/2019,12174,144.6704622,0.005948611
5/9/2019,11423,118.3112539,0.00623694
5/10/2019,10519.2,134.2263998,0.006044207
5/11/2019,11871.1,128.7351272,0.009987677
5/12/2019,13302,117.5040582,0.012219448
5/13/2019,11998.7,118.217469,0.007921048
5/14/2019,12302.3,122.5391943,0.007049634
5/15/2019,12667.3,132.4076405,0.006423242
5/16/2019,13094.6,151.2647543,0.006414754
5/17/2019,10550.1,151.3412408,0.006313434
5/18/2019,10744.9,154.8823354,0.005842379
5/19/2019,13084.2,142.8051157,0.00730944
5/20/2019,13071,140.3337839,0.007027209
5/21/2019,13458.8,145.4934166,0.007112921
5/22/2019,12926.3,151.7198265,0.006493512
5/23/2019,11947.9,148.9621794,0.006382674
5/24/2019,11012.3,154.6853039,0.006059734
5/25/2019,10959,146.9833568,0.005870612
5/26/2019,12710.9,150.5047827,0.009299933
5/27/2019,13601,148.7759123,0.009361984
5/28/2019,12352,136.5768567,0.00853466
5/29/2019,11057.6,147.6131603,0.006854428
5/30/2019,11864.3,155.4191387,0.007140487
5/31/2019,10889.2,139.3811659,0.007582033
6/1/2019,11028.7,139.0390091,0.011028748
6/2/2019,14403.9,117.6166962,0.009639017
6/3/2019,14876.9,118.0044608,0.007978425
6/4/2019,14917.7,128.32538,0.007021687
6/5/2019,14308.5,130.0844315,0.006498882
6/6/2019,12703.6,140.3762645,0.006714632
6/7/2019,10155.2,132.7877471,0.006544696
6/8/2019,9596.6,137.3652737,0.005713521
6/9/2019,10388.1,164.1894057,0.008327047
6/10/2019,12099.8,147.6677552,0.009322496
6/11/2019,11527.8,140.3483144,0.007499559
6/12/2019,11765.3,150.0573847,0.006654073
6/13/2019,10840.4,144.6998805,0.006550393
6/14/2019,10055.8,149.5786492,0.006292374
6/15/2019,9951.5,164.104432,0.005863492
6/16/2019,20014.2,208.4218752,0.067334586
6/17/2019,19029.4,215.7517517,0.06461325
6/18/2019,17494,207.5022797,0.061587171
6/19/2019,11578.9,200.1864238,0.008549001
6/20/2019,11789.2,197.4863207,0.007059835
6/21/2019,11092.5,181.3332641,0.006539792
6/22/2019,11774.3,209.7810893,0.006906152
6/23/2019,13085.4,197.3202815,0.007739019
6/24/2019,16037.2,206.9074877,0.007669928
6/25/2019,14731.1,202.2977466,0.007002273
6/26/2019,14304.7,206.3297271,0.005982176
6/27/2019,13021.8,204.6644762,0.009666125
6/28/2019,11542.3,230.3589254,0.010748422
6/29/2019,10821.7,225.7940765,0.01041097
6/30/2019,14345.3,255.6784757,0.010512715
7/1/2019,13397.6,237.0161362,0.008065811
7/2/2019,13117.9,229.5412734,0.006120188
7/3/2019,12929.5,245.1489196,0.005981365
7/4/2019,11758.3,246.7910351,0.005944535
7/5/2019,10748.7,251.0537958,0.005572789
7/6/2019,10345.7,252.828703,0.005676718
7/7/2019,12024.8,249.8714145,0.005914642
7/8/2019,12712.6,241.0875003,0.005823929
7/9/2019,11686.3,239.7474309,0.005294625
7/10/2019,12278.2,258.7851635,0.00542419
7/11/2019,11460.1,255.2499895,0.005258829
7/12/2019,10210.6,261.1327576,0.005285298
7/13/2019,9816.5,250.9883241,0.004867636
7/14/2019,11837.6,273.4553653,0.005547075
7/15/2019,11779.6,249.1040075,0.005226799
7/16/2019,11107.2,245.4665813,0.005609986
7/17/2019,11208.7,250.3527563,0.005088517
7/18/2019,10668,251.0895158,0.005143023
7/19/2019,9530.3,260.974736,0.005419198
7/20/2019,9067.2,248.7293583,0.005267942
7/21/2019,16585.9,282.08588,0.087860756
7/22/2019,16845.6,252.4954448,0.083173747
7/23/2019,17902.7,254.0980307,0.088528041
7/24/2019,10583.3,203.7399076,0.007691144
7/25/2019,9804.4,216.8540805,0.005430281
7/26/2019,9241.5,237.1589236,0.005257147
7/27/2019,8921.4,232.8718773,0.005022442
7/28/2019,9851.2,194.5525638,0.005912076
7/29/2019,10608.7,197.5896262,0.005730674
7/30/2019,10614.6,198.1755221,0.005184707
7/31/2019,11658.9,207.4152463,0.005873709
8/1/2019,10159.5,200.9317013,0.005436568
8/2/2019,9606.7,216.7271803,0.00530865
8/3/2019,8966.9,211.367437,0.005159507
8/4/2019,9263.3,172.2576229,0.006181567
8/5/2019,10918.6,177.7524892,0.005631088
8/6/2019,11328.2,186.3099041,0.00526884
8/7/2019,13391.4,296.4820905,0.006612794
8/8/2019,11037.3,241.6578991,0.006107629
8/9/2019,9592,204.4264548,0.005230172
8/10/2019,8702.7,191.7459233,0.004935163
8/11/2019,9390.6,165.7396976,0.006077375
8/12/2019,10818,162.9768614,0.005729288
8/13/2019,10841.3,174.9934209,0.005550567
8/14/2019,11485.9,245.771308,0.006672692
8/15/2019,10711.8,185.4827256,0.005975357
8/16/2019,9109.4,150.7192546,0.004736621
8/17/2019,8700.7,146.4420436,0.004756616
8/18/2019,10182.7,132.898143,0.005537569
8/19/2019,10174.1,134.0704806,0.005661775
8/20/2019,10663.9,143.0004105,0.005516162
8/21/2019,11743.5,264.0638329,0.006630161
8/22/2019,10061.1,201.0382682,0.006011267
8/23/2019,8613.2,168.9166166,0.005443526
8/24/2019,7766.3,159.935469,0.005321409
8/25/2019,14077.9,138.4555727,0.082992314
8/26/2019,14557.6,155.4177748,0.085662526
8/27/2019,16253.8,149.6246336,0.095783428
8/28/2019,11100,247.1894977,0.008555944
8/29/2019,9891.3,184.0025408,0.005848384
8/30/2019,8591.2,167.1572295,0.005383719
8/31/2019,8013.7,169.9532127,0.005149268
9/1/2019,10911.2,145.3985059,0.005637855
9/2/2019,11221.8,143.780966,0.005348756
9/3/2019,11872.2,143.8466272,0.00548471
9/4/2019,11774.2,156.7460347,0.005031929
9/5/2019,11630.7,135.4446494,0.004604887
9/6/2019,10429.9,139.5533621,0.004823487
9/7/2019,10552.8,142.7735194,0.004868071
9/8/2019,13585.8,132.6754133,0.005381706
9/9/2019,13300.5,121.3567806,0.005315797
9/10/2019,12169.2,125.3217971,0.004894226
9/11/2019,12279.1,129.2582101,0.004775936
9/12/2019,11033.8,127.1262264,0.004868736
9/13/2019,10162.9,140.2879603,0.005317916
9/14/2019,9226.4,139.2796951,0.004852713
9/15/2019,11320.7,154.8487157,0.006348661
9/16/2019,11627,125.8645227,0.005737585
9/17/2019,12194.6,130.7490046,0.005326735
9/18/2019,13205.1,139.9458615,0.005465179
9/19/2019,11498.3,117.5582802,0.005735259
9/20/2019,10473.5,173.4266193,0.006205651
9/21/2019,9482.4,156.2197622,0.005774325
9/22/2019,11179.9,124.1789197,0.006834773
9/23/2019,11545.1,106.7712853,0.006119599
9/24/2019,12007.6,114.3838971,0.006099679
9/25/2019,12579,122.3474204,0.006587053
9/26/2019,11992.3,121.7365765,0.011412802
9/27/2019,11133.1,136.5733002,0.009855195
9/28/2019,10586.7,124.8326098,0.006096615
9/29/2019,12534.4,110.8688231,0.007553503
9/30/2019,11218.8,111.1246465,0.007009271
10/1/2019,10930.5,114.8966819,0.006198449
10/2/2019,9913.6,129.2737307,0.006194766
10/3/2019,11213.3,126.4261757,0.006112274
10/4/2019,10345.4,115.9534829,0.006053356
10/5/2019,10205.3,116.5805454,0.005460091
10/6/2019,12214.8,104.5048772,0.007364182
10/7/2019,11408.4,106.3655484,0.006994427
10/8/2019,11985.8,113.0016169,0.01045849
10/9/2019,12178.8,117.4273579,0.01060539
10/10/2019,10914.4,126.5692954,0.006427417
10/11/2019,9593.7,131.8090279,0.006429198
10/12/2019,9073.3,134.6804753,0.005730886
10/13/2019,20647.2,202.2268517,0.067776593
10/14/2019,16726.5,188.3711088,0.064317323
10/15/2019,19776.5,202.6423011,0.071051371
10/16/2019,12326.9,174.6536781,0.007864305
10/17/2019,11389.3,167.4391413,0.006336926
10/18/2019,10081.2,174.3353674,0.006032094
10/19/2019,10301.9,169.0310147,0.005519625
10/20/2019,13768.3,193.5230062,0.010390529
10/21/2019,12180.7,184.229197,0.005794956
10/22/2019,12387.4,187.4830393,0.005253355
10/23/2019,12815.1,184.5509109,0.005354494
10/24/2019,12240.7,199.9117006,0.007087913
10/25/2019,11536.5,255.7305662,0.008046694
10/26/2019,10289.5,204.3289571,0.006736704
10/27/2019,17795.7,207.4300622,0.037850387
10/28/2019,15005.4,188.277985,0.034969746
10/29/2019,17042.7,195.4490029,0.037796035
10/30/2019,11295.8,143.8091674,0.007344011
10/31/2019,9881.3,136.6962643,0.007487832
11/1/2019,10661.1,128.157729,0.006046095
11/2/2019,11334.8,139.2093829,0.005898769
11/3/2019,13676.4,139.4136119,0.006874472
11/4/2019,11699.3,132.6015239,0.006019971
11/5/2019,11954.8,128.2796332,0.005664045
11/6/2019,12989.8,143.8857777,0.005237861
11/7/2019,11785.7,129.2198862,0.004873442
11/8/2019,10899.3,153.7241283,0.005193563
11/9/2019,11276.2,150.588614,0.00484192
11/10/2019,13281.4,132.4889766,0.004672418
11/11/2019,12581.4,127.2509797,0.00434656
11/12/2019,12241.7,137.6790948,0.004191292
11/13/2019,14126.5,147.5053031,0.004081595
11/14/2019,12088.6,142.1524846,0.004229797
11/15/2019,10965.7,149.4304422,0.004040841
11/16/2019,11788.3,160.5352739,0.003816394
11/17/2019,14224.4,158.6142587,0.005404299
11/18/2019,12957.1,153.8145825,0.005611912
11/19/2019,12962.6,175.050295,0.005190937
11/20/2019,12756.7,159.2747431,0.004918781
11/21/2019,18144.1,226.5570511,0.010751157
11/22/2019,18420,254.7060937,0.014163596
11/23/2019,14671.8,242.7611731,0.010663209
11/24/2019,20247.4,241.6540972,0.011124107
11/25/2019,25437.8,287.6998023,0.012527895
11/26/2019,20179.2,278.9865778,0.01221806
11/27/2019,23803.4,283.3143977,0.011329247
11/28/2019,25957.9,294.9660169,0.012961305
11/29/2019,67435.6,341.1732223,0.01327812
11/30/2019,13737.6,241.6096945,0.008598318
12/1/2019,16931.3,229.7078034,0.007619623
12/2/2019,18809.6,216.9044591,0.007764302
12/3/2019,12396.5,146.5005866,0.009561984
12/4/2019,11660.7,132.5888466,0.00967119
12/5/2019,11385.7,147.5990563,0.009566839
12/6/2019,14175.4,196.6308739,0.010358717
12/7/2019,12095.3,178.757877,0.008599874
12/8/2019,14912.5,193.4644727,0.008016783
12/9/2019,15020,184.4873935,0.007229303
12/10/2019,14833.8,185.0055715,0.006694848
12/11/2019,15008,176.0609181,0.006413253
12/12/2019,14321.3,170.8412805,0.005580244
12/13/2019,13764.3,181.3228568,0.007855417
12/14/2019,13204.3,184.4574037,0.006491479
12/15/2019,15403,178.0167904,0.007505042
12/16/2019,15338.2,196.020394,0.005698826
12/17/2019,14189,169.4616757,0.004971324
12/18/2019,13150,175.6846947,0.005341607
12/19/2019,10774.2,192.1034355,0.005267333
12/20/2019,10107,222.7967066,0.005935196
12/21/2019,8152,220.1976142,0.005453215
12/22/2019,8013.3,222.6388533,0.006092852
12/23/2019,7280.1,223.8292234,0.006623675
12/24/2019,6176.6,258.0393221,0.00653475
12/25/2019,7799.7,247.6218351,0.005757033
12/26/2019,10694.4,256.4186216,0.005800067
12/27/2019,11033.4,235.6297997,0.005366308
12/28/2019,10203.5,236.2580691,0.005144215
12/29/2019,10278.6,250.9704913,0.008561958
12/30/2019,9485.8,229.2696825,0.008930923
12/31/2019,6736,251.2903708,0.014991549
1/1/2020,7538.1,243.2263066,0.006514841
1/2/2020,11944.1,237.4884498,0.006524149
1/3/2020,12510.2,238.0920248,0.006314297
1/4/2020,12125.1,232.7361882,0.005616527
1/5/2020,12250.5,259.4671667,0.006115986
1/6/2020,12191.6,247.3990589,0.005922283
1/7/2020,15534.8,291.8262864,0.006062952
1/8/2020,14934.2,287.2547207,0.005672471
1/9/2020,13841.9,291.2893463,0.005669212
1/10/2020,13430,300.9324347,0.004961848
1/11/2020,13130.4,293.6064251,0.005199249
1/12/2020,14608.9,295.199873,0.007309654
1/13/2020,13195.6,283.6340783,0.007693323
1/14/2020,13316.6,272.2695144,0.006707048
1/15/2020,13061.2,260.0547986,0.005933392
1/16/2020,11419.9,265.2168245,0.00562826
1/17/2020,12768.9,298.448051,0.00634161
1/18/2020,11872,272.3967152,0.005523154
1/19/2020,13071.9,251.593854,0.007162666
1/20/2020,12257.5,250.4090861,0.007387879
1/21/2020,13307.1,268.163584,0.00681796
1/22/2020,13553.1,263.5464296,0.006473277
1/23/2020,13285.5,279.0946501,0.006900677
1/24/2020,12826.7,297.2114971,0.007327011
1/25/2020,11445,261.4922831,0.006927389
1/26/2020,22428.3,280.0295424,0.107163135
1/27/2020,19755.4,265.5131654,0.100988293
1/28/2020,23308.9,276.8269574,0.110898547
1/29/2020,11990.6,240.2796027,0.008895647
1/30/2020,11487.1,266.7353809,0.006843329
1/31/2020,11288.1,245.0837338,0.006664143
2/1/2020,10855.5,209.2428111,0.004603653
2/2/2020,11729.9,181.790032,0.004998674
2/3/2020,11456.2,191.0101988,0.004989969
2/4/2020,11961.3,197.7076161,0.004667371
2/5/2020,12266,210.8373856,0.004863426
2/6/2020,11691.9,235.4910461,0.004981938
2/7/2020,9911.1,225.7731834,0.006354227
2/8/2020,9816.6,199.0404772,0.005350633
2/9/2020,10959.6,163.0545508,0.005634809
2/10/2020,12855.3,166.7843526,0.010623004
2/11/2020,13355.9,175.6744514,0.010323416
2/12/2020,14025.3,228.1815449,0.009896359
2/13/2020,12484.7,219.1284283,0.010957698
2/14/2020,11332.4,194.6510932,0.008044288
2/15/2020,9938.9,172.9069183,0.003995389
2/16/2020,11162.6,146.7208414,0.004463897
2/17/2020,10795.4,153.064069,0.004458802
2/18/2020,11206.6,156.2773856,0.004590666
2/19/2020,12380.6,202.4369579,0.004352811
2/20/2020,10592.5,215.6450993,0.006049976
2/21/2020,9727.2,189.2064565,0.005353525
2/22/2020,9602.6,166.0883166,0.004029949
2/23/2020,10822.8,148.588146,0.004537935
2/24/2020,10554.7,158.2417482,0.004306122
2/25/2020,11682,160.9178365,0.004216292
2/26/2020,11951.5,166.8778873,0.004030749
2/27/2020,11421.9,169.2261962,0.004453081
2/28/2020,10107.6,163.9343293,0.004209211
2/29/2020,10674.6,158.0278852,0.003966665
3/1/2020,14573.4,154.06284,0.051964747
3/2/2020,12107.1,143.4798636,0.049111739
3/3/2020,13605.1,129.4972934,0.063371622
3/4/2020,12247,143.5635994,0.004696156
3/5/2020,11374.4,139.6714237,0.003750057
3/6/2020,11492.5,164.9579864,0.003921209
3/7/2020,10707.2,153.2764759,0.003381436
3/8/2020,12563.3,148.9782698,0.005856255
3/9/2020,12393.2,152.0790332,0.008471016
3/10/2020,12221.1,137.1244163,0.007050238
3/11/2020,12354.1,126.251872,0.00645748
3/12/2020,10885.5,144.3095077,0.004177724
3/13/2020,8308.5,142.620964,0.004479862
3/14/2020,8205.3,160.3275634,0.003703644
3/15/2020,9048.7,136.1747002,0.003825573
3/16/2020,8394.2,162.9329777,0.003999878
3/17/2020,8642.9,166.0274646,0.004022079
3/18/2020,12090.4,193.9200566,0.025168841
3/19/2020,11548.9,193.5112965,0.029093919
3/20/2020,11221.3,194.9332298,0.035560906
3/21/2020,9903.5,215.0686296,0.004056542
3/22/2020,10690.2,209.5266199,0.004239449
3/23/2020,9770.5,216.3281365,0.003944771
3/24/2020,11286.4,235.4707924,0.003864916
3/25/2020,12125.9,227.8961791,0.004200725
3/26/2020,12442.9,219.9030883,0.003910383
3/27/2020,14461.9,221.8491091,0.022684911
3/28/2020,13469.6,230.3942004,0.016978061
3/29/2020,15364.8,221.3616789,0.019259304
3/30/2020,12797.5,212.0837717,0.005105146
3/31/2020,12762.1,205.3700977,0.004852664
4/1/2020,16685.9,216.5444322,0.01887968
4/2/2020,15195.6,208.1229543,0.015901376
4/3/2020,18109.7,227.7683761,0.020180114
4/4/2020,14225.1,226.1067816,0.004168045
4/5/2020,15374.7,212.6102496,0.004897076
4/6/2020,17854.9,203.6580149,0.008645859
4/7/2020,15718.1,156.0666602,0.004451504
4/8/2020,14648.5,160.790085,0.003899021
4/9/2020,12775.9,129.3269322,0.003500552
4/10/2020,12299.5,114.409653,0.003407044
4/11/2020,10753.3,154.1606424,0.003960937
4/12/2020,10414.3,144.8379155,0.005297274
4/13/2020,12835,122.4700301,0.005275864
4/14/2020,13829.4,152.8526258,0.004595294
4/15/2020,14377.3,131.6850964,0.003901375
4/16/2020,14426.4,124.2335756,0.003771476
4/17/2020,14326.2,146.1235498,0.004082924
4/18/2020,13983.8,132.4374158,0.004022346
4/19/2020,12862.9,121.1063784,0.005264876
4/20/2020,13898.5,141.1220809,0.005402146
4/21/2020,13963.8,129.0831806,0.00472262
4/22/2020,13892.1,119.5371254,0.004475979
4/23/2020,14157.5,139.7887356,0.00494368
4/24/2020,14444,172.2736307,0.004750564
4/25/2020,13716.1,164.5382542,0.004244048
4/26/2020,13898.8,157.0535583,0.005198025
4/27/2020,13577.5,142.1446566,0.005189255
4/28/2020,15055.2,150.0793622,0.004973109
4/29/2020,16160.8,177.5194589,0.005444724
4/30/2020,13786.6,186.6637613,0.005085797
5/1/2020,15853.7,195.2584492,0.004626773
5/2/2020,14675.5,189.0757838,0.004158919
5/3/2020,15081,195.3199327,0.01316778
5/4/2020,15662.8,200.1168917,0.01203542
5/5/2020,15228.5,186.7303998,0.011757242
5/6/2020,14859,188.6106091,0.004671565
5/7/2020,14053,228.4790981,0.005354121
5/8/2020,13012.8,188.7061532,0.005998487
5/9/2020,12420.7,166.8293308,0.005403193
5/10/2020,17243.6,178.7394239,0.004638976
5/11/2020,16363.6,172.7887304,0.004554343
5/12/2020,15789.1,171.1818438,0.004996732
5/13/2020,14890.8,147.9841402,0.005099435
5/14/2020,13703.8,157.4583372,0.004769391
5/15/2020,13360.2,163.6262212,0.00448869
5/16/2020,12668.4,162.4390651,0.004487991
5/17/2020,13878.8,166.5716518,0.005146952
5/18/2020,14412.6,149.9786531,0.005225609
5/19/2020,14573.3,153.1567184,0.004663161
5/20/2020,12675.1,159.3411557,0.004790121
5/21/2020,12621.8,160.9578463,0.004382604
5/22/2020,13827.8,157.2539823,0.004517651
5/23/2020,13519.9,166.0908521,0.004067867
5/24/2020,13835,154.3540398,0.004873501
5/25/2020,13851.2,147.6984312,0.00527475
5/26/2020,14093.9,139.9452684,0.004814652
5/27/2020,14258.9,150.485968,0.004829541
5/28/2020,13888.6,146.3599186,0.004315392
5/29/2020,14217.5,193.5816737,0.004933383
5/30/2020,12629.6,191.9993649,0.004333339
5/31/2020,13169.2,193.4929185,0.004858187
6/1/2020,14680.5,173.788723,0.00461671
6/2/2020,14625.7,150.6841964,0.004079499
6/3/2020,15989.4,177.6308951,0.003989127
6/4/2020,16138.7,178.8320247,0.004679604
6/5/2020,15124,196.187712,0.004973713
6/6/2020,14987.6,188.7165739,0.004454097
6/7/2020,18936.6,225.3539323,0.008956217
6/8/2020,15408.5,206.5781532,0.009174233
6/9/2020,16852.5,214.4978949,0.008958454
6/10/2020,15321.8,213.5104794,0.004506389
6/11/2020,15865.2,217.01256,0.004146133
6/12/2020,13612,203.1381216,0.004265489
6/13/2020,13618.8,202.1880062,0.00361461
6/14/2020,17962.2,221.9697664,0.004241455
6/15/2020,16386.5,206.6203893,0.004644175
6/16/2020,16812.9,207.6640701,0.004241324
6/17/2020,17949.3,232.3952358,0.003898069
6/18/2020,16756.1,219.257924,0.003891904
6/19/2020,15224.6,225.7747783,0.003785148
6/20/2020,14574.6,218.1293979,0.003700696
6/21/2020,16862.1,212.7882221,0.004289197
6/22/2020,16110.3,202.4920047,0.00437691
6/23/2020,17094.4,199.7749154,0.003869476
6/24/2020,17155.8,196.8450917,0.003711293
6/25/2020,16221.7,223.2727036,0.003598015
6/26/2020,14489.2,210.7382384,0.003243997
6/27/2020,13828,216.8374569,0.003273108
6/28/2020,17497,250.9317014,0.004046312
6/29/2020,16505.5,234.8976146,0.00440321
6/30/2020,15880.3,224.2524988,0.00373433
7/1/2020,17982.6,240.2712052,0.004291584
7/2/2020,16021,227.1798711,0.003781502
7/3/2020,14122.5,231.50038,0.003876273
7/4/2020,13735.5,238.4555593,0.003681568
7/5/2020,16212,241.948277,0.004314692
7/6/2020,16089.8,229.6181992,0.004259895
7/7/2020,15826.1,223.5748443,0.004041646
7/8/2020,16957.1,252.7213266,0.003800122
7/9/2020,15464.1,247.7394303,0.004019129
7/10/2020,14228.1,252.2920545,0.00379118
7/11/2020,13264.2,250.2786669,0.003539286
7/12/2020,20652.6,264.0856347,0.049132852
7/13/2020,19658.9,244.7114108,0.044982374
7/14/2020,21895.2,252.4093714,0.043638261
7/15/2020,14729.8,236.4096418,0.004174002
7/16/2020,13951.7,210.0561833,0.003755867
7/17/2020,13489.6,262.4760045,0.004415269
7/18/2020,11177.4,225.585187,0.003477989
7/19/2020,12647.5,191.1525952,0.004014602
7/20/2020,13505,187.3318784,0.004324085
7/21/2020,13939.7,189.2686006,0.003821499
7/22/2020,14241.8,180.8898792,0.003945843
7/23/2020,13485.9,198.5981874,0.003902849
7/24/2020,12162.2,203.9757606,0.003851837
7/25/2020,11687.5,231.0714281,0.004544992
7/26/2020,13153.6,194.6667579,0.004893978
7/27/2020,13199.8,178.679332,0.004988349
7/28/2020,13393.7,185.8078215,0.004025888
7/29/2020,13915,184.4063229,0.003780578
7/30/2020,13167.9,199.2077573,0.003478825
7/31/2020,11465.7,211.9483543,0.003716662
8/1/2020,10821.5,202.46178,0.002925482
8/2/2020,13334,173.2598871,0.00346382
8/3/2020,13800.8,172.100054,0.00371514
8/4/2020,14279.6,176.4532579,0.00356032
8/5/2020,13860.9,168.0556254,0.003202789
8/6/2020,13307.1,213.2653392,0.00373567
8/7/2020,12039.9,200.4721117,0.0038994
8/8/2020,10703,185.8670909,0.003422563
8/9/2020,14036.1,205.6265446,0.01094687
8/10/2020,14846.7,182.6364707,0.010228152
8/11/2020,15017,183.4833148,0.010144753
8/12/2020,14387.2,178.1807192,0.004268617
8/13/2020,13723.5,224.3207913,0.004799962
8/14/2020,12093.8,211.0585316,0.005304875
8/15/2020,11664.9,216.2559168,0.004745989
8/16/2020,12606.8,206.1387037,0.004721239
8/17/2020,12905.8,182.2696913,0.004927003
8/18/2020,13843.7,183.544989,0.004307325
8/19/2020,14008.6,217.1951602,0.004618792
8/20/2020,12204.8,222.7220508,0.004311044
8/21/2020,12056,221.7305665,0.005148571
8/22/2020,11834.4,211.6187963,0.004410805
8/23/2020,17793.8,183.2254567,0.054101128
8/24/2020,18135.7,165.0443386,0.065913192
8/25/2020,14148.7,182.4906463,0.00545927
8/26/2020,14992.7,180.0644437,0.004400387
8/27/2020,13969.4,196.7513322,0.004754876
8/28/2020,12923.2,182.5635094,0.005415914
8/29/2020,12494.3,175.1254809,0.005019969
8/30/2020,17507.9,156.0774287,0.016279853
8/31/2020,16217.1,184.5206915,0.016042995
9/1/2020,16215.7,145.5609705,0.014333182
9/2/2020,16354.3,163.8946657,0.004186444
9/3/2020,16632.2,164.9049097,0.003683836
9/4/2020,13223.4,168.7356909,0.003910739
9/5/2020,13856.4,168.1730869,0.003527318
9/6/2020,18588.5,137.9919658,0.020138252
9/7/2020,16052.1,134.9468485,0.017674322
9/8/2020,18312,149.3653836,0.019167211
9/9/2020,16015.3,162.1793067,0.004215395
9/10/2020,14735.7,146.2404419,0.004087531
9/11/2020,12860.8,161.2331767,0.004178776
9/12/2020,12218.4,166.1965763,0.003532437
9/13/2020,13938.1,167.599466,0.004748648
9/14/2020,13594.2,171.0493919,0.004948194
9/15/2020,13941.3,160.8184666,0.004464243
9/16/2020,17504.4,174.8424219,0.035002107
9/17/2020,15399.8,159.1740511,0.030655773
9/18/2020,14488.1,162.2149603,0.029462314
9/19/2020,12372.7,160.847184,0.003333808
9/20/2020,14439.4,146.4460621,0.004229507
9/21/2020,13656.8,123.0977752,0.004687417
9/22/2020,14769.5,139.2487787,0.004410738
9/23/2020,16765.1,161.3522533,0.003933527
9/24/2020,15386.2,138.8045256,0.003852833
9/25/2020,15828.2,135.981962,0.008887583
9/26/2020,17793.4,122.0245018,0.008031389
9/27/2020,19811,119.5144679,0.008653026
9/28/2020,17146.5,125.8932456,0.004646311
9/29/2020,18039.9,130.4781261,0.004129526
9/30/2020,18168.6,143.9438129,0.004037536
10/1/2020,15987.5,129.5110843,0.003501189
10/2/2020,14154.8,128.6648706,0.00339764
10/3/2020,14772.5,128.9561188,0.00298992
10/4/2020,16185.2,125.8899683,0.003736695
10/5/2020,15251,90.90655705,0.003953322
10/6/2020,16230.2,109.1285562,0.003942378
10/7/2020,16677.2,103.2617191,0.003650931
10/8/2020,15557,120.4573569,0.003440534
10/9/2020,14154.5,145.5006327,0.003468941
10/10/2020,14477.5,114.9470901,0.003237338
10/11/2020,24246.1,157.9443679,0.02857261
10/12/2020,21406.8,157.7078218,0.025983255
10/13/2020,21326.7,154.402592,0.027968483
10/14/2020,17981.8,150.9551909,0.003926774
10/15/2020,17719,143.5958294,0.003140866
10/16/2020,16949.7,179.4131511,0.003576002
10/17/2020,16563.2,160.1576866,0.003089677
10/18/2020,18368.8,159.0939239,0.004007821
10/19/2020,17297.6,172.3812961,0.004135402
10/20/2020,17550.3,155.6385414,0.003635546
10/21/2020,17617.3,159.4470411,0.003444126
10/22/2020,17707,208.0801,0.003656101
10/23/2020,16054.8,178.367182,0.003228682
10/24/2020,15328.9,172.8637505,0.002988922
10/25/2020,18879.1,178.0411898,0.006479577
10/26/2020,16909.6,171.7670486,0.006477933
10/27/2020,18117,169.8199019,0.006689726
10/28/2020,15326.9,132.5974074,0.003213751
10/29/2020,15566.6,153.3391581,0.003096514
10/30/2020,14585.9,139.3183525,0.003414716
10/31/2020,13261.8,132.2862245,0.002880078
11/1/2020,15970,134.1785244,0.003678533
11/2/2020,14211.7,127.9734568,0.003782188
11/3/2020,15348.6,130.6880772,0.003747994
11/4/2020,16206.3,133.6116139,0.00333551
11/5/2020,16785,144.3005746,0.003602195
11/6/2020,16010.9,168.5332816,0.003418771
11/7/2020,15995.2,208.6512991,0.003482927
11/8/2020,17327.9,155.8778735,0.004146669
11/9/2020,16062,144.9656587,0.004328724
11/10/2020,16158.1,143.7613392,0.00396023
11/11/2020,23044,145.1900212,0.043470471
11/12/2020,15208.5,155.7648786,0.003702938
11/13/2020,14449,164.6299789,0.003593576
11/14/2020,14457.1,154.5161174,0.003433783
11/15/2020,16435.4,158.9491731,0.005138255
11/16/2020,15075.9,161.1371519,0.004594198
11/17/2020,16175.4,161.0666625,0.004212477
11/18/2020,15330.7,169.244342,0.004021463
11/19/2020,21061.3,216.2286508,0.010926691
11/20/2020,29510,276.1646795,0.014176182
11/21/2020,24267.4,251.1239054,0.012296133
11/22/2020,26985.7,248.3079463,0.012063196
11/23/2020,26115.8,260.4723919,0.013530879
11/24/2020,30262,278.2173466,0.01472995
11/25/2020,30574,288.3000866,0.013200797
11/26/2020,43831.5,320.1808011,0.015129827
11/27/2020,77306.2,310.3964308,0.013443549
11/28/2020,22439.1,251.8130645,0.005310865
11/29/2020,21402.6,219.6431962,0.004775324
11/30/2020,36819.8,249.2232951,0.099095612
12/1/2020,17989.7,184.7943046,0.003966952
12/2/2020,18483,179.735509,0.003166384
12/3/2020,17344.6,175.0398278,0.003211261
12/4/2020,16542.3,193.9101558,0.003813319
12/5/2020,16919.5,194.8799409,0.00349648
12/6/2020,17442.6,186.4522326,0.003662071
12/7/2020,17224.8,165.9987847,0.003670977
12/8/2020,18995.2,169.1530446,0.003726695
12/9/2020,19761.1,164.548625,0.003556061
12/10/2020,19861.5,174.8505574,0.003470551
12/11/2020,19060.4,176.1624423,0.003927208
12/12/2020,20402.8,178.4499162,0.003442367
12/13/2020,23253,186.3535129,0.010987115
12/14/2020,21142.7,184.420834,0.012412686
12/15/2020,23341.3,204.0028487,0.018554121
12/16/2020,23185.8,202.0243415,0.016267117
12/17/2020,21795.5,210.0244243,0.013902609
12/18/2020,17994.1,211.1400459,0.003951007
12/19/2020,16302.9,217.0832269,0.004398905
12/20/2020,16204.5,229.0307611,0.004535043
12/21/2020,14301.1,231.1789789,0.004454553
12/22/2020,13169.2,240.9400272,0.004488681
12/23/2020,11995.2,251.1049683,0.004493262
12/24/2020,9819.6,264.5110079,0.004172461
12/25/2020,12151,252.0580024,0.003463453
12/26/2020,15839,283.0101381,0.003870104
12/27/2020,17494.1,264.299698,0.004049086
12/28/2020,19209.7,251.3572904,0.004070993
12/29/2020,20022.3,249.4154449,0.004074365
12/30/2020,18073.1,244.8554129,0.004545744
12/31/2020,12535.2,257.4952627,0.00859531
1/1/2021,12594.2,249.9281358,0.004944361
1/2/2021,15724.8,248.3110515,0.003857184
1/3/2021,21045.5,258.8571913,0.037762838
1/4/2021,20305.5,253.5820498,0.033341999
1/5/2021,20860.9,244.9212249,0.032598562
1/6/2021,17686,233.6820591,0.004563272
1/7/2021,18249.5,233.4853641,0.004142092
1/8/2021,19115.6,269.3854971,0.004435732
1/9/2021,17845.8,262.9432642,0.004074869
1/10/2021,19767,293.2157933,0.011944939
1/11/2021,19243.3,293.8168622,0.011053915
1/12/2021,21035.4,284.8904413,0.01070707
1/13/2021,19632.4,273.519205,0.003864102
1/14/2021,19926.8,274.7969351,0.004029863
1/15/2021,23382.3,315.8323104,0.004265312
1/16/2021,21662.4,317.8719479,0.003622416
1/17/2021,20554.8,305.7781058,0.004783106
1/18/2021,18787.9,299.9454054,0.00464671
1/19/2021,20738.5,298.9501578,0.004578388
1/20/2021,20146.5,294.8527787,0.004008166
1/21/2021,20944.6,333.138934,0.004627588
1/22/2021,19379.4,306.8745227,0.004148195
1/23/2021,19977.9,306.6748323,0.004033444
1/24/2021,27080.4,319.9509847,0.042733312
1/25/2021,23081,308.9558477,0.039820389
1/26/2021,26780.9,313.523539,0.04196499
1/27/2021,18839.5,250.9672009,0.003797123
1/28/2021,19070,254.7016472,0.00401766
1/29/2021,18269.7,248.6967953,0.003694604
1/30/2021,19320,249.7603604,0.003655306
1/31/2021,18885.8,233.1248326,0.004571952
2/1/2021,18695.2,246.4813943,0.004373364
2/2/2021,19893.6,241.8664574,0.003912799
2/3/2021,21061.3,248.6835544,0.003818941
2/4/2021,18948.5,257.4745436,0.004009899
2/5/2021,18327.6,253.6379217,0.004129781
2/6/2021,19550.2,253.0648108,0.00343363
2/7/2021,22200.7,216.3226943,0.026030748
2/8/2021,18895.6,215.8650054,0.023385549
2/9/2021,19117.3,222.6962444,0.020981794
2/10/2021,19235.4,230.4995637,0.018822375
2/11/2021,18888.3,264.4843667,0.018273241
2/12/2021,18335,237.9818373,0.019323545
2/13/2021,18750.3,221.3054964,0.020510283
2/14/2021,20360,202.3897683,0.024984847
2/15/2021,16713.1,204.4287182,0.00460586
2/16/2021,18471.3,215.1348814,0.004301211
2/17/2021,19969.9,208.1472364,0.004103143
2/18/2021,20071.1,236.7040595,0.004364747
2/19/2021,18295.3,206.3512956,0.003992812
2/20/2021,18677.5,185.7515981,0.003486324
2/21/2021,21761.4,157.7653832,0.00387203
2/22/2021,21155.4,145.7378497,0.004157157
2/23/2021,21793.5,140.3371789,0.003962845
2/24/2021,22550.8,135.0986562,0.003456549
2/25/2021,21910.7,151.0014783,0.003596318
2/26/2021,21540.9,151.8457279,0.003625317
2/27/2021,21138.3,153.6999817,0.003494417
2/28/2021,21623.2,139.0909498,0.004277065
3/1/2021,20510.4,143.8499202,0.00395371
3/2/2021,20838.3,137.3190496,0.003549854
3/3/2021,21760.6,140.1783454,0.003518206
3/4/2021,20506.9,140.7186302,0.003405657
3/5/2021,19044,162.1081682,0.003481363
3/6/2021,19059.8,165.8774911,0.003127558
3/7/2021,20471.3,151.656584,0.004256729
3/8/2021,19542.3,159.1921845,0.005292664
3/9/2021,21265,165.9227438,0.004824882
3/10/2021,19793.9,164.0398583,0.004327617
3/11/2021,20007.5,149.8114582,0.003318375
3/12/2021,19155.6,154.561321,0.003420686
3/13/2021,18731.6,154.3333937,0.003106431
3/14/2021,21643,142.1016861,0.003872127
3/15/2021,17405.2,133.1021597,0.004258609
3/16/2021,19554.1,153.2782836,0.003762516
3/17/2021,19329.3,153.5418369,0.003568692
3/18/2021,20055.9,152.7862001,0.003507864
3/19/2021,18738.5,202.6725752,0.003652357
3/20/2021,18470.6,181.097728,0.003302848
3/21/2021,21287.6,165.0450138,0.004878378
3/22/2021,19008.6,148.7982532,0.00427188
3/23/2021,20382.8,166.8798569,0.004279357
3/24/2021,21143,157.640354,0.002726454
3/25/2021,21769.9,157.4780643,0.002601455
3/26/2021,21020.6,158.6985247,0.002805203
3/27/2021,20614.7,155.9252247,0.002591655
3/28/2021,21621,146.3675841,0.00259003
3/29/2021,21450.5,139.7028748,0.002588757
3/30/2021,21701.5,128.3341264,0.002749954
3/31/2021,22933.6,159.0063808,0.003291257
4/1/2021,20017.1,197.7813897,0.004161639
4/2/2021,19804.5,181.2477832,0.004374532
4/3/2021,16389.9,163.2338395,0.003891542
4/4/2021,15134.6,167.7464623,0.002493207
4/5/2021,19362.6,153.6088276,0.002250035
4/6/2021,19584.8,147.5555353,0.002743722
4/7/2021,20866.9,195.2624066,0.003100372
4/8/2021,20766.4,181.1198217,0.003020126
4/9/2021,18522.9,181.8856436,0.002748545
4/10/2021,18080.3,189.3762594,0.002581482
4/11/2021,28076.9,190.9027528,0.011574669
4/12/2021,21782.3,183.256252,0.009062491
4/13/2021,21700.4,176.9227034,0.009105662
4/14/2021,23558.4,206.1938988,0.004423915
4/15/2021,22125.5,197.0921473,0.003726118
4/16/2021,22147.8,209.7943978,0.003920447
4/17/2021,20490.9,205.796072,0.002573153
4/18/2021,24357,200.8258968,0.003026174
4/19/2021,21413.9,184.3121096,0.002848875
4/20/2021,22327.8,185.3233694,0.002918509
4/21/2021,24081.5,191.7408334,0.004004699
4/22/2021,24574.9,204.7552236,0.003722684
4/23/2021,21829,212.4702406,0.003530659
4/24/2021,21172.2,215.0269213,0.003289035
4/25/2021,31383.9,213.1347865,0.037635835
4/26/2021,28202.1,200.6560015,0.036210135
4/27/2021,30471.2,199.6720096,0.036276726
4/28/2021,22683,172.1354043,0.003682259
4/29/2021,24028.9,183.2124984,0.003270179
4/30/2021,20692.7,173.4970734,0.003112939
5/1/2021,21438.2,172.0982006,0.002707734
5/2/2021,25453,155.9536046,0.002700945
5/3/2021,22234.4,143.6978553,0.002809235
5/4/2021,24951,151.9396615,0.002721592
5/5/2021,27422,165.2940787,0.012218358
5/6/2021,25082.2,156.2585503,0.008939937
5/7/2021,22982.1,157.9641595,0.008882918
5/8/2021,20947.2,152.3045168,0.008207749
5/9/2021,24220.7,141.0578829,0.009781026
5/10/2021,24474.3,134.9327127,0.005060626
5/11/2021,25824.7,155.3311199,0.00496157
5/12/2021,22702.4,180.8145398,0.006345563
5/13/2021,25477.9,180.6409418,0.006622113
5/14/2021,23582.6,236.002773,0.005067512
5/15/2021,21764.5,183.9660374,0.003460767
5/16/2021,24263.3,168.5284067,0.00310049
5/17/2021,22903,153.9741446,0.002864242
5/18/2021,23596.7,156.367705,0.002745185
5/19/2021,24566.5,172.4207335,0.003358411
5/20/2021,21724,154.6362389,0.003342473
5/21/2021,20305.2,171.9638404,0.003166463
5/22/2021,19974.3,172.99055,0.002765652
5/23/2021,19191.1,171.1630354,0.002606388
5/24/2021,24048.8,164.3043307,0.014471577
5/25/2021,23013.9,154.5469546,0.011300177
5/26/2021,24119.7,158.95898,0.012440519
5/27/2021,22611.9,167.0579891,0.003481325
5/28/2021,21329.9,170.6084124,0.00377552
5/29/2021,19522.8,168.5823079,0.00360208
5/30/2021,25584.8,201.4164779,0.003480023
5/31/2021,25698.6,177.2223991,0.003188204
6/1/2021,25448.6,175.6747674,0.00278285
6/2/2021,25066.5,180.7295033,0.003481978
6/3/2021,25784,185.8027991,0.003167722
6/4/2021,23593,176.6503984,0.003150344
6/5/2021,22795.9,178.4089465,0.002750853
6/6/2021,31734.2,216.6162352,0.014369572
6/7/2021,27182.8,201.7254515,0.012359056
6/8/2021,26924.3,208.7738566,0.012463839
6/9/2021,27306.3,208.7953309,0.003795366
6/10/2021,25527.3,206.0081611,0.003396989
6/11/2021,24565.6,225.7458741,0.005136277
6/12/2021,22973.5,213.3433006,0.004595657
6/13/2021,34840.2,259.2754732,0.026635177
6/14/2021,32902.5,239.5578956,0.022447684
6/15/2021,30511.5,232.7312905,0.021842842
6/16/2021,28411.3,218.8738123,0.004664299
6/17/2021,27778,216.3912126,0.003050375
6/18/2021,24711.9,221.4291707,0.003142991
6/19/2021,23699.1,229.1449118,0.00921114
6/20/2021,25387.4,220.8210506,0.005997704
6/21/2021,26139.8,245.641331,0.006474161
6/22/2021,24862.9,231.8240688,0.005930202
6/23/2021,26463.3,247.062701,0.010723393
6/24/2021,23516.5,269.0037446,0.006402818
6/25/2021,22080.6,264.6940889,0.005579623
6/26/2021,21209.1,264.8215751,0.004379493
6/27/2021,28791.9,281.8798447,0.020506573
6/28/2021,26260.2,268.428839,0.017146607
6/29/2021,26021.2,274.772712,0.017060958
6/30/2021,25411.9,286.0090002,0.003926658
7/1/2021,24037.6,272.5477717,0.003332397
7/2/2021,20544.7,284.7156557,0.00337592
7/3/2021,18613.2,257.5881513,0.002885575
7/4/2021,23144.5,263.7824462,0.00307892
7/5/2021,23288,253.1607862,0.002982094
7/6/2021,23743.3,259.6196141,0.002839071
7/7/2021,22697.8,259.6818643,0.003385351
7/8/2021,22245.9,283.9415604,0.004289448
7/9/2021,19140.1,279.8852635,0.004166155
7/10/2021,17072,272.7236735,0.003689801
7/11/2021,29189.3,292.6979756,0.043715831
7/12/2021,24451.7,268.5951798,0.039692062
7/13/2021,29396.8,277.1986896,0.042652518
7/14/2021,18640.3,198.5307407,0.00393347
7/15/2021,16987.2,214.0409845,0.004489368
7/16/2021,15538.3,211.3696296,0.005177298
7/17/2021,14586.1,227.0734235,0.004935798
7/18/2021,16487.4,186.8158556,0.004276602
7/19/2021,16663.4,171.9403563,0.00314202
7/20/2021,16424.4,162.3406575,0.003048933
7/21/2021,17005.4,178.2817177,0.003468727
7/22/2021,15299,184.5336344,0.003263906
7/23/2021,14124.9,192.575956,0.003397632
7/24/2021,16743.5,209.3694657,0.038985028
7/25/2021,18621.5,204.437665,0.034182807
7/26/2021,19442.3,191.2303181,0.034295204
7/27/2021,17934.6,191.1663027,0.006380347
7/28/2021,19033.8,221.6075322,0.007645382
7/29/2021,17588.9,224.8337684,0.008473023
7/30/2021,15061.8,201.7502254,0.004458407
7/31/2021,14198.9,215.9331916,0.003021039
8/1/2021,17009.8,182.5767199,0.002897582
8/2/2021,17267.3,188.5546403,0.002997654
8/3/2021,17572.5,187.5856983,0.002780105
8/4/2021,18035.7,205.2087038,0.003195005
8/5/2021,17170.3,214.6229492,0.003218158
8/6/2021,15886.6,213.7722033,0.003486422
8/7/2021,14222.1,201.0726351,0.003008772
8/8/2021,17711.6,188.2813879,0.020005053
8/9/2021,17996.2,172.0751673,0.020079617
8/10/2021,17870,165.2893097,0.021257332
8/11/2021,16838,189.466362,0.00362269
8/12/2021,16110.2,200.7469248,0.003524939
8/13/2021,14105.7,219.8986949,0.003283655
8/14/2021,12556,212.4249474,0.002971772
8/15/2021,14649.1,197.6380894,0.00295987
8/16/2021,17491.9,195.6560638,0.00307523
8/17/2021,18662,202.1838685,0.00564963
8/18/2021,18400.6,197.1097367,0.006644258
8/19/2021,17212.7,218.1177071,0.007083633
8/20/2021,14995.8,220.6594582,0.007496775
8/21/2021,12722.8,202.205271,0.006510954
8/22/2021,17390.5,179.4603536,0.003365452
8/23/2021,17938.9,197.1060226,0.003350984
8/24/2021,19263.3,278.8292617,0.003867456
8/25/2021,19271.8,223.1539334,0.005271718
8/26/2021,18865.3,208.607939,0.00801986
8/27/2021,18066.1,199.2314637,0.006578157
8/28/2021,17345.5,181.3422148,0.004949199
8/29/2021,21617,154.0861993,0.006201192
8/30/2021,20014,141.8149665,0.004685402
8/31/2021,20788.5,203.2282103,0.006402962
9/1/2021,20218.7,208.5459918,0.004945182
9/2/2021,17169.5,157.0491493,0.003895447
9/3/2021,14572.6,163.2703177,0.003763889
9/4/2021,13910.5,164.0280747,0.003483587
9/5/2021,16262,154.5509852,0.003374537
9/6/2021,18259.9,156.2196963,0.003527895
9/7/2021,18685.4,161.2861977,0.003565377
9/8/2021,17673.4,160.9025402,0.003850925
9/9/2021,15453,144.3649818,0.003878013
9/10/2021,14239.7,175.3928338,0.003507921
9/11/2021,14881,159.4622,0.003307724
9/12/2021,19192.6,168.8100217,0.003340906
9/13/2021,18520.6,168.7985222,0.003360821
9/14/2021,18631.2,160.5152414,0.00315904
9/15/2021,19277,150.2513272,0.003632588
9/16/2021,17962.3,164.3125282,0.003184451
9/17/2021,15635.9,144.7417611,0.003287442
9/18/2021,14786,142.457009,0.002931394
9/19/2021,24088.2,148.7786804,0.031479214
9/20/2021,22147.1,144.2813327,0.026546452
9/21/2021,23628.2,133.9457666,0.029084671
9/22/2021,19509.8,141.1404067,0.004354941
9/23/2021,18350.8,145.8816526,0.004169626
9/24/2021,16162.8,160.9372515,0.004383935
9/25/2021,14931.5,163.4860831,0.003083949
9/26/2021,16741.9,149.8203729,0.003137799
9/27/2021,18221.1,150.6620852,0.003371051
9/28/2021,29977.7,161.0413217,0.080725783
9/29/2021,25467.5,153.7955513,0.046405217
9/30/2021,21439.9,156.7634004,0.013448999
10/1/2021,17258.5,159.0704725,0.003133085
10/2/2021,16920.3,149.647335,0.002761953
10/3/2021,20815,145.1628415,0.002724367
10/4/2021,19837.2,139.7605431,0.0028906
10/5/2021,20645.3,138.4893134,0.002907591
10/6/2021,21588.2,148.6185392,0.003072606
10/7/2021,20239.4,157.8641974,0.00354654
10/8/2021,17699.5,162.8751469,0.003380663
10/9/2021,17164.1,172.354096,0.003033157
10/10/2021,26039.5,191.7191977,0.013044752
10/11/2021,24639.1,179.6374026,0.01161643
10/12/2021,25542.4,191.0881759,0.012480942
10/13/2021,24691.7,194.6232094,0.00360752
10/14/2021,22813,188.1183734,0.003244564
10/15/2021,19682.4,195.0054607,0.003370893
10/16/2021,18467.3,186.0790038,0.003009141
10/17/2021,22531.1,195.1862082,0.003246207
10/18/2021,23436.8,192.5123186,0.013858799
10/19/2021,25067.9,197.0580251,0.015209578
10/20/2021,22911.2,198.3619919,0.00325249
10/21/2021,24596.9,214.3836796,0.002998434
10/22/2021,21377.1,210.4002026,0.003055071
10/23/2021,20693.7,206.1694842,0.002958869
10/24/2021,23721.8,210.5783085,0.002893359
10/25/2021,32400.4,218.5546718,0.039245106
10/26/2021,33728.1,227.3577434,0.044935557
10/27/2021,21780.1,205.2040769,0.0057332
10/28/2021,18728.3,193.5241373,0.00537669
10/29/2021,17838.2,203.0256226,0.006554263
10/30/2021,17687.9,206.1694714,0.006646851
10/31/2021,18497.8,226.1505196,0.007399329
11/1/2021,20145.9,181.1582669,0.002848623
11/2/2021,20192.5,159.8847518,0.002471952
11/3/2021,22265.5,162.1102099,0.002716239
11/4/2021,21610.3,155.7945599,0.003999791
11/5/2021,18659,176.3033807,0.004094433
11/6/2021,18980.5,171.811955,0.004173279
11/7/2021,23133.7,168.3444536,0.004108492
11/8/2021,20929.9,161.6555865,0.004150677
11/9/2021,21518.8,147.6855575,0.003840346
11/10/2021,22053,163.1789777,0.004020577
11/11/2021,46430.4,215.6252523,0.126732449
11/12/2021,16431.4,159.8978072,0.00657562
11/13/2021,16847.1,179.8948456,0.003885111
11/14/2021,20908.2,169.0200581,0.004180282
11/15/2021,19465.9,151.428816,0.004021584
11/16/2021,19316.2,155.7414162,0.004027686
11/17/2021,21683.9,190.472636,0.003874144
11/18/2021,36945.1,297.5539345,0.0167015
11/19/2021,30753.4,263.7676289,0.013201441
11/20/2021,28789,261.4056694,0.012557503
11/21/2021,34893.4,271.5996033,0.012908751
11/22/2021,32928.8,252.4752189,0.010673522
11/23/2021,35191.1,262.6966476,0.01115843
11/24/2021,33352.1,278.7127334,0.011022928
11/25/2021,57345.8,337.4351487,0.018363171
11/26/2021,93604.9,327.6643727,0.016789595
11/27/2021,27644.8,252.8048484,0.014522492
11/28/2021,30197.1,234.9891716,0.014118938
11/29/2021,50666.6,255.3637549,0.114190765
11/30/2021,19507.7,147.3320326,0.005619298
12/1/2021,19736.1,173.1291317,0.00415642
12/2/2021,22977.2,167.1480442,0.004677824
12/3/2021,21058.5,165.1287817,0.003850887
12/4/2021,20753.8,152.1804018,0.004392745
12/5/2021,22848.7,149.1402325,0.003773081
12/6/2021,22574.3,150.9802655,0.008565472
12/7/2021,24529.2,144.3208231,0.008676781
12/8/2021,25289,157.8768725,0.008676332
12/9/2021,25261.1,166.0192183,0.003560764
12/10/2021,22673.3,168.0724544,0.003397263
12/11/2021,24446.6,194.6463091,0.003741482
12/12/2021,28404.5,195.5117081,0.003640716
12/13/2021,31790.3,188.1119761,0.023337061
12/14/2021,32934.1,182.0878285,0.037392473
12/15/2021,32647.3,187.3635269,0.038859609
12/16/2021,30802.3,215.6156166,0.037514459
12/17/2021,27299.7,202.4675496,0.036770512
12/18/2021,27125,206.1283025,0.038131936
12/19/2021,28265.4,212.0744626,0.040352186
12/20/2021,21488.7,195.4496019,0.004090712
12/21/2021,18205.1,194.2642525,0.003999193
12/22/2021,15898.8,208.6890567,0.004398481
12/23/2021,12566.6,226.7424546,0.005534474
12/24/2021,10767.5,232.3123565,0.005383715
12/25/2021,13963.3,233.590083,0.004720588
12/26/2021,22711.2,255.9056068,0.027919289
12/27/2021,24696.7,246.1782618,0.025864639
12/28/2021,26224.8,248.7174403,0.02675335
12/29/2021,22712.8,247.8719275,0.005105192
12/30/2021,19187.4,242.5683917,0.005923882
12/31/2021,11879.8,254.9189185,0.010632278
1/1/2022,12975.9,248.4986183,0.003325435
1/2/2022,18693.1,249.1857983,0.002934998
1/3/2022,19720.5,243.3119421,0.003422644
1/4/2022,21311.3,234.1194688,0.003243254
1/5/2022,20807.6,229.0291883,0.003068169
1/6/2022,19791.6,235.7310727,0.003284791
1/7/2022,18991.1,237.8669977,0.003290498
1/8/2022,18018.3,235.394807,0.002812236
1/9/2022,22741,267.781619,0.014465791
1/10/2022,21555.1,281.7947185,0.013597325
1/11/2022,22923.7,273.9615398,0.014063183
1/12/2022,23315.5,277.991544,0.003593192
1/13/2022,22125.2,285.3063199,0.00352981
1/14/2022,24052.7,315.1834431,0.015719301
1/15/2022,22269,303.8839088,0.014306138
1/16/2022,24816.7,282.9574635,0.013637595
1/17/2022,21730.9,287.0246344,0.003501984
1/18/2022,22236.4,286.0912128,0.003306789
1/19/2022,23613.6,295.3235476,0.003447162
1/20/2022,22141.8,291.6025832,0.003521115
1/21/2022,20387.4,294.776098,0.003547492
1/22/2022,20476.6,286.0204065,0.003235548
1/23/2022,34751.9,320.934787,0.07892588
1/24/2022,29230.4,312.2639784,0.072736398
1/25/2022,33861.3,316.8222636,0.078282371
1/26/2022,18789.4,232.1783329,0.005917584
1/27/2022,18462,226.0906408,0.00478036
1/28/2022,16688.3,233.0276067,0.008265387
1/29/2022,17561.1,236.9564893,0.008513647
1/30/2022,18365.7,212.818122,0.007638243
1/31/2022,17794.4,216.4502908,0.008738664
2/1/2022,19499.7,217.4993226,0.004266994
2/2/2022,20574.6,224.8296768,0.00513135
2/3/2022,19148.1,231.0880096,0.007198661
2/4/2022,17798.3,220.0377995,0.006111951
2/5/2022,16747.4,204.3443349,0.005780355
2/6/2022,24263.1,191.0551095,0.043419222
2/7/2022,21289.1,202.0383582,0.036140428
2/8/2022,22165.5,217.8963318,0.035616354
2/9/2022,23230.1,238.679623,0.035717103
2/10/2022,22342.8,247.938832,0.038011472
2/11/2022,19859.5,227.2868359,0.037758523
2/12/2022,19356.8,226.9203167,0.036506035
2/13/2022,22171.7,202.9116843,0.037975882
2/14/2022,21669.1,199.3147407,0.04128295
2/15/2022,18397.7,202.3942946,0.005467458
2/16/2022,20111.4,206.833621,0.005454793
2/17/2022,18543.2,195.2167292,0.005082434
2/18/2022,17031,217.0371243,0.005471766
2/19/2022,16784.8,224.5243974,0.00519291
2/20/2022,20240.5,189.7104861,0.004819655
2/21/2022,18007,186.4451326,0.005037987
2/22/2022,18616.8,185.2474159,0.005289458
2/23/2022,18494.3,185.4243018,0.007054513
2/24/2022,17210.7,219.3807772,0.007198952
2/25/2022,15772.5,211.8127836,0.00655853
2/26/2022,16288.4,222.4000232,0.00634208
2/27/2022,18864.6,219.4665814,0.006280425
2/28/2022,18351.6,198.4424745,0.006408582
3/1/2022,19145.7,193.6733098,0.004589755
3/2/2022,19280.4,187.8641078,0.005820436
3/3/2022,17553.2,185.9415865,0.006142419
3/4/2022,16482.9,202.0198863,0.005794264
3/5/2022,17209,203.0361341,0.005782865
3/6/2022,19907.3,188.6319068,0.004979612
3/7/2022,18122.8,182.9719697,0.004979611
3/8/2022,18934.3,182.6479953,0.004814433
3/9/2022,20096.8,186.701056,0.005438809
3/10/2022,18399.8,175.1348243,0.005694984
3/11/2022,19616.8,192.2273754,0.026178508
3/12/2022,19103.2,170.0839799,0.028111285
3/13/2022,22552.3,163.0605312,0.029468814
3/14/2022,18792.8,153.1431323,0.005286898
3/15/2022,19999.9,150.7554051,0.004660955
3/16/2022,20624.8,147.6517838,0.005496996
3/17/2022,18864.3,161.3426498,0.005905876
3/18/2022,17120.1,166.9625028,0.005913336
3/19/2022,17259.3,181.135427,0.004521566
3/20/2022,20566.9,166.805942,0.005102694
3/21/2022,19642.5,146.3531431,0.004497995
3/22/2022,20295.9,145.6039265,0.004603331
3/23/2022,22029.8,156.3001095,0.004588208
3/24/2022,20063,154.1673443,0.004886228
3/25/2022,17796.2,161.1044205,0.005118402
3/26/2022,18209.2,177.1669331,0.005640887
3/27/2022,20158.7,156.2105684,0.004797249
3/28/2022,21098.7,153.1588741,0.004417648
3/29/2022,23576.1,148.6139433,0.025106064
3/30/2022,23584.4,160.1664245,0.021690195
3/31/2022,22312.2,162.9754149,0.022910683
4/1/2022,18074.8,161.6209023,0.003786947
4/2/2022,18086.4,148.2284577,0.003201375
4/3/2022,26509.2,193.1506461,0.003530718
4/4/2022,22133.5,184.9252682,0.003475829
4/5/2022,22071.9,184.9888729,0.003424572
4/6/2022,23297.9,198.3108217,0.003283031
4/7/2022,22409.3,197.6778752,0.003142316
4/8/2022,21051.2,221.2258179,0.003513202
4/9/2022,20710.3,203.3011088,0.002793603
4/10/2022,27791,196.9232662,0.02241484
4/11/2022,23753.9,186.1566299,0.0187547
4/12/2022,24297.6,199.1745103,0.019707157
4/13/2022,21204.1,201.3765002,0.004549758
4/14/2022,18763.7,203.9647785,0.004881958
4/15/2022,18980.6,220.3570727,0.007191851
4/16/2022,14841.3,189.7977986,0.004869822
4/17/2022,15287.9,204.1175804,0.007093055
4/18/2022,18683.4,168.8357494,0.004267733
4/19/2022,21118.7,158.0113344,0.002502832
4/20/2022,24306.3,180.196048,0.002847938
4/21/2022,23717.3,179.190186,0.002722756
4/22/2022,21735.5,196.7843022,0.00270422
4/23/2022,20395,180.9974373,0.00243639
4/24/2022,33224,213.7619097,0.040227331
4/25/2022,28677,198.7881016,0.036076808
4/26/2022,29879.8,206.0079809,0.03668738
4/27/2022,26542.6,211.1103099,0.003557674
4/28/2022,26119.1,220.3277201,0.003056002
4/29/2022,24870.2,257.3783813,0.003287815
4/30/2022,24139.1,241.5807071,0.00305038
5/1/2022,29954.6,244.1025865,0.009931185
5/2/2022,28220.5,229.959735,0.007895268
5/3/2022,28371.2,238.6069847,0.009395807
5/4/2022,28666.8,251.9582459,0.004994214
5/5/2022,27015.5,252.5047437,0.00432332
5/6/2022,29328.6,254.1322659,0.031805819
5/7/2022,28426.1,235.0087265,0.035450411
5/8/2022,35360.9,217.9303629,0.038414964
5/9/2022,23699.2,143.823801,0.00340915
5/10/2022,25564.9,149.3194597,0.002837195
5/11/2022,27226.5,166.2773808,0.002823738
5/12/2022,24867.9,167.6025134,0.003024129
5/13/2022,21447.3,168.3170479,0.003252854
5/14/2022,19888.8,153.6775249,0.002913373
5/15/2022,25136.4,136.743999,0.004005602
5/16/2022,25467.2,133.0210619,0.004018863
5/17/2022,26337.9,130.1790676,0.004111159
5/18/2022,26655,134.4036818,0.003755677
5/19/2022,25161.7,154.6296022,0.004014379
5/20/2022,21216.8,143.608871,0.004077227
5/21/2022,20051.9,165.5890057,0.004226988
5/22/2022,22711.5,160.9831707,0.003925732
5/23/2022,22567.8,148.8616689,0.00409084
5/24/2022,22417.2,154.1308445,0.00370767
5/25/2022,17864.7,147.3142659,0.004541463
5/26/2022,19098.2,168.5513201,0.005286089
5/27/2022,18183.3,159.9064159,0.004452922
5/28/2022,18424,171.7952552,0.004150447
5/29/2022,21941.5,167.2841736,0.003971841
5/30/2022,22722.9,158.0505671,0.011399128
5/31/2022,23201.3,176.7534857,0.011538873
6/1/2022,22929.5,187.4426363,0.011571408
6/2/2022,20191.8,181.1177115,0.011723939
6/3/2022,19771.7,217.8097545,0.010934094
6/4/2022,18164.6,218.1598319,0.011085591
6/5/2022,20091.3,228.4646369,0.012439157
6/6/2022,30457.2,222.7693019,0.036820845
6/7/2022,26453.7,205.5495656,0.034571837
6/8/2022,31263,241.5454383,0.04095654
6/9/2022,23050.2,223.6643793,0.004850396
6/10/2022,20173.9,238.224543,0.004464336
6/11/2022,19205.9,227.3984415,0.004143204
6/12/2022,27920.4,237.1779002,0.034570995
6/13/2022,26942.6,224.8753199,0.033340617
6/14/2022,27608.9,225.9273938,0.035097063
6/15/2022,21669,227.4473966,0.003804756
6/16/2022,21048.5,221.8556591,0.003116796
6/17/2022,19631,229.6643902,0.003210282
6/18/2022,18569.6,230.4137279,0.00269253
6/19/2022,23435.7,229.5529089,0.002915715
6/20/2022,22725.6,214.3392796,0.003092993
6/21/2022,24822.1,246.017111,0.003371562
6/22/2022,24163.6,249.3237074,0.003293003
6/23/2022,22707.7,232.555451,0.003316843
6/24/2022,20334.4,271.7632191,0.003489718
6/25/2022,18388.2,255.2943185,0.003191152
6/26/2022,29637,273.1451471,0.057175704
6/27/2022,28816.1,263.2373901,0.052291773
6/28/2022,32232.2,284.6595892,0.058053459
6/29/2022,23880.6,254.5522064,0.004192754
6/30/2022,23242.9,252.1869316,0.003241705
7/1/2022,20118.7,254.6112461,0.002967283
7/2/2022,18963.2,262.5176602,0.002850337
7/3/2022,22876.7,261.5166925,0.002782933
7/4/2022,23439,257.7409851,0.003171929
7/5/2022,23760.7,262.9932825,0.003118189
7/6/2022,22434.2,264.3593229,0.003498184
7/7/2022,21385.3,274.4464085,0.003186666
7/8/2022,18364.2,262.5815642,0.003202773
7/9/2022,17328.1,263.2708059,0.002777721
7/10/2022,19989.5,248.8601957,0.002471008
7/11/2022,20941.2,263.1818348,0.003063648
7/12/2022,22009.5,273.1774009,0.00290374
7/13/2022,21013.2,265.789908,0.002988975
7/14/2022,20405.8,275.0190283,0.003098588
7/15/2022,17683.1,277.2663817,0.003153207
7/16/2022,16076.2,268.8470885,0.002896066
7/17/2022,22832.4,282.9531197,0.026801093
7/18/2022,23844.6,264.1656333,0.026067823
7/19/2022,25596.8,268.4477945,0.027475699
7/20/2022,18180.9,216.0870923,0.003448951
7/21/2022,17336.7,244.5922285,0.003882161
7/22/2022,15554.3,247.0365739,0.004753983
7/23/2022,14555.6,237.0124513,0.004041944
7/24/2022,16499.7,217.7182524,0.0040541
7/25/2022,18006.6,219.0230935,0.003121996
7/26/2022,18866.8,221.6236319,0.00305142
7/27/2022,17379.2,223.5065071,0.003188742
7/28/2022,15828.5,221.12279,0.00424265
7/29/2022,15499.6,226.6341329,0.006814284
7/30/2022,14137.6,233.6265796,0.004909309
7/31/2022,16573.4,232.4774724,0.004489675
8/1/2022,17339.6,211.3638825,0.003295929
8/2/2022,18122.2,206.8235389,0.003035351
8/3/2022,17747,214.9338359,0.00389423
8/4/2022,17274.8,227.4130648,0.004488714
8/5/2022,15253.1,226.9208291,0.004517308
8/6/2022,14283.1,234.3003161,0.004874245
8/7/2022,16317.7,227.5779988,0.004719603
8/8/2022,17136.1,203.5813815,0.003121485
8/9/2022,17379.3,207.8914469,0.003647533
8/10/2022,18648.3,265.6309893,0.004328157
8/11/2022,17237.2,261.404764,0.004907633
8/12/2022,14810.8,240.1924969,0.003555186
8/13/2022,13356.9,230.7439338,0.003087345
8/14/2022,15182.8,237.7715311,0.002880452
8/15/2022,18066.8,226.4459363,0.032252077
8/16/2022,18649.3,233.7283857,0.011411899
8/17/2022,17682,238.6680605,0.004226667
8/18/2022,16957.6,247.5501654,0.004190157
8/19/2022,15518.1,256.5546711,0.003111242
8/20/2022,14474.8,238.7168045,0.0032597
8/21/2022,15525,228.9382042,0.00329073
8/22/2022,20304.1,224.3287777,0.038913608
8/23/2022,17551.1,238.4694019,0.014488297
8/24/2022,16649.5,236.3709567,0.004131227
8/25/2022,15055.2,236.5520013,0.004238263
8/26/2022,14106.6,228.1306907,0.005464714
8/27/2022,14554.9,239.5818537,0.007157744
8/28/2022,17014,216.6483325,0.006613015
8/29/2022,22086.9,224.3206466,0.039532284
8/30/2022,19655.7,222.1490049,0.014302906
8/31/2022,18694.4,200.7895466,0.003867689
9/1/2022,17519.9,213.7760235,0.00358996
9/2/2022,15292.5,214.234808,0.003534783
9/3/2022,15618.7,226.4915867,0.004628368
9/4/2022,17722,216.9820624,0.005211059
9/5/2022,17765.6,191.6931744,0.003459191
9/6/2022,18579.7,200.342097,0.003237403
9/7/2022,19070.7,230.4391911,0.003225869
9/8/2022,20028.3,219.9266062,0.003151596
9/9/2022,17709.4,214.4279643,0.003191116
9/10/2022,18164.6,205.5652535,0.002969602
9/11/2022,21118.2,215.7602303,0.003061618
9/12/2022,19210.7,183.8328036,0.003128953
9/13/2022,25424,191.9857988,0.04270041
9/14/2022,28156.3,226.3380167,0.049045183
9/15/2022,25826.9,210.8169443,0.047822463
9/16/2022,23724.8,214.6614695,0.045096699
9/17/2022,25343.5,204.6447545,0.045408411
9/18/2022,33894.8,191.7559924,0.049125161
9/19/2022,22435,164.3694304,0.003433412
9/20/2022,23043.3,175.464553,0.003823105
9/21/2022,22008.7,178.9520082,0.003926995
9/22/2022,20018,174.9291194,0.003835282
9/23/2022,19486.6,202.0795309,0.004329549
9/24/2022,19266.2,194.3881887,0.003730484
9/25/2022,26576.4,201.5516726,0.02349195
9/26/2022,25179.9,186.8684575,0.023900507
9/27/2022,26030.6,187.3176503,0.024668465
9/28/2022,24211.9,190.5407331,0.007919036
9/29/2022,22271.5,189.9571116,0.004050037
9/30/2022,19203.1,215.503837,0.005588819
10/1/2022,19758.2,187.3766231,0.004814147
10/2/2022,19944.4,202.6638645,0.004602951
10/3/2022,21542.7,184.6041301,0.004103337
10/4/2022,18422,165.0672624,0.003823904
10/5/2022,20532.1,182.2000614,0.007425746
10/6/2022,19553.1,179.3386665,0.006473629
10/7/2022,17598.9,203.5536745,0.005820168
10/8/2022,18106.5,193.9629309,0.005626039
10/9/2022,25576.4,226.7336156,0.006007071
10/10/2022,23102.4,221.3360099,0.004753522
10/11/2022,23712.6,222.3143861,0.004091778
10/12/2022,24286.3,221.2380445,0.00582265
10/13/2022,23247.4,242.988375,0.006357133
10/14/2022,21044.9,224.152873,0.005668956
10/15/2022,20475,232.2412269,0.004598434
10/16/2022,23779.2,242.3621089,0.005114794
10/17/2022,21335.1,243.9537302,0.004602928
10/18/2022,22362.8,236.103837,0.004401827
10/19/2022,23624.2,235.2830171,0.006444985
10/20/2022,22942.5,247.8474033,0.006245177
10/21/2022,20332.4,245.5131285,0.005628118
10/22/2022,19734.3,245.8018829,0.005035382
10/23/2022,31430.9,251.9072298,0.040895488
10/24/2022,28569.2,241.7134025,0.038507171
10/25/2022,32103.9,248.8421399,0.040265029
10/26/2022,20044.7,228.3853252,0.00839355
10/27/2022,18632.6,226.9490473,0.007847715
10/28/2022,16413.9,231.9916936,0.006882169
10/29/2022,15345.1,214.3442356,0.00470405
10/30/2022,16947.8,226.9066489,0.004673784
10/31/2022,15747.4,216.0819172,0.004704696
11/1/2022,21015.2,263.2071277,0.016950904
11/2/2022,21047.2,226.9244526,0.01163485
11/3/2022,21431.4,239.2732678,0.011305157
11/4/2022,19651,219.8267518,0.010963092
11/5/2022,18424,195.9691776,0.00535316
11/6/2022,21724.8,184.0840983,0.004082393
11/7/2022,20307.7,190.5636808,0.003921771
11/8/2022,20246.3,184.9520415,0.003788168
11/9/2022,21743.7,209.0810103,0.008664768
11/10/2022,29635.6,179.8925329,0.105535079
11/11/2022,33658.3,196.8619625,0.112221143
11/12/2022,15878.4,219.7513505,0.007254097
11/13/2022,19365.2,199.3859613,0.003473229
11/14/2022,18862.9,170.8553431,0.00352767
11/15/2022,19442.7,180.4714477,0.003280162
11/16/2022,20559.5,192.0586963,0.005272033
11/17/2022,28315.4,299.5478982,0.006809857
11/18/2022,32239.9,295.9451754,0.005399648
11/19/2022,33074.1,288.7164481,0.004810827
11/20/2022,39693,293.1036109,0.004969209
11/21/2022,34075.4,283.3251171,0.005068216
11/22/2022,35213.4,296.2761608,0.004955297
11/23/2022,35439.6,298.0073591,0.006496651
11/24/2022,49016,352.6559878,0.006704064
11/25/2022,76139,342.1853702,0.005625039
11/26/2022,33503.6,309.3209525,0.004704609
11/27/2022,37086.8,302.4941261,0.004367195
11/28/2022,45382.6,261.655093,0.095217236
11/29/2022,19952.5,213.4032385,0.003386995
11/30/2022,20462,187.5919866,0.00420365
12/1/2022,20789.3,198.8927062,0.003935259
12/2/2022,21309.3,216.4957365,0.004676267
12/3/2022,21369,216.1370629,0.00413341
12/4/2022,24038,202.111474,0.004002981
12/5/2022,23910.9,191.1739527,0.005187143
12/6/2022,24474.3,191.1266654,0.005224484
12/7/2022,25819.4,199.2861495,0.005119279
12/8/2022,24185,197.8009935,0.004973209
12/9/2022,21274.7,183.1601495,0.003930459
12/10/2022,21593.8,182.8028618,0.003613509
12/11/2022,32717.9,193.8555698,0.037272376
12/12/2022,31009.7,189.6120244,0.035371306
12/13/2022,30343.4,186.7795965,0.033915036
12/14/2022,31282.3,215.5282733,0.051368679
12/15/2022,35372.1,219.5601127,0.061759669
12/16/2022,25906,236.0319954,0.006206794
12/17/2022,25378.7,243.9319766,0.005386552
12/18/2022,27380.4,240.9690659,0.005654176
12/19/2022,25148,234.8362081,0.005713389
12/20/2022,22530.3,234.942616,0.005822768
12/21/2022,20183.1,257.7566794,0.004954156
12/22/2022,16515.3,269.4601976,0.004645409
12/23/2022,13412.8,295.5507394,0.004864044
12/24/2022,10637.8,311.4623718,0.005878676
12/25/2022,13789.4,322.0970214,0.005497123
12/26/2022,25566.8,321.6492644,0.079875356
12/27/2022,27450.6,302.9048438,0.070320977
12/28/2022,29131.6,303.5112012,0.073613431
12/29/2022,19133.3,300.4641537,0.00608897
12/30/2022,18347.7,297.9947702,0.005195636
12/31/2022,12451,300.6811912,0.009529137
